decoder,prompt_idx,n_tokens_generated,acceptance_rate,total_time_ms,tokens_per_sec,n_target_calls,n_draft_calls
vanilla_ar,0,256,0.0,9142.384234350175,28.001448357217953,256,0
vanilla_ar,1,256,0.0,7973.482109140605,32.10642433204031,256,0
vanilla_ar,2,256,0.0,8647.820077836514,29.602836055308558,256,0
vanilla_ar,3,256,0.0,8144.464306067675,31.432392650954153,256,0
vanilla_ar,4,256,0.0,9758.11628298834,26.23457156852021,256,0
vanilla_ar,5,256,0.0,8677.628761623055,29.501146803164005,256,0
vanilla_ar,6,256,0.0,8328.474971931428,30.7379203110737,256,0
vanilla_ar,7,256,0.0,8986.924320925027,28.48583017483893,256,0
vanilla_ar,8,256,0.0,9643.320550210774,26.54687238353853,256,0
vanilla_ar,9,256,0.0,8768.862333148718,29.194209040350582,256,0
vanilla_ar,10,256,0.0,8757.018227595836,29.233695002857452,256,0
vanilla_ar,11,256,0.0,8896.204141899943,28.776318069666804,256,0
vanilla_ar,12,256,0.0,8928.242734167725,28.673055563364887,256,0
vanilla_ar,13,256,0.0,8712.725007906556,29.382311477486905,256,0
vanilla_ar,14,256,0.0,8597.121977247298,29.777406983117896,256,0
vanilla_ar,15,256,0.0,9409.435110166669,27.206734198464066,256,0
vanilla_ar,16,256,0.0,8644.454923924059,29.61435998601882,256,0
vanilla_ar,17,256,0.0,8740.844001062214,29.287789596621344,256,0
vanilla_ar,18,256,0.0,8115.045974962413,31.54634006878633,256,0
vanilla_ar,19,256,0.0,8894.428296014667,28.782063498640618,256,0
vanilla_ar,20,256,0.0,8853.461221326143,28.915244964686732,256,0
vanilla_ar,21,256,0.0,8426.376183982939,30.38079411723999,256,0
vanilla_ar,22,256,0.0,8679.610232356936,29.494411977815687,256,0
vanilla_ar,23,256,0.0,8320.83195168525,30.76615433245847,256,0
vanilla_ar,24,256,0.0,8271.87972702086,30.948225608715312,256,0
vanilla_ar,25,256,0.0,8932.586295995861,28.659112995611927,256,0
vanilla_ar,26,256,0.0,8964.28593993187,28.55776820545571,256,0
vanilla_ar,27,256,0.0,8756.76295813173,29.234547197862945,256,0
vanilla_ar,28,256,0.0,8530.69187188521,30.009289263360323,256,0
vanilla_ar,29,256,0.0,8940.666630864143,28.633211657423892,256,0
vanilla_ar,30,256,0.0,8309.173753019422,30.809320831324975,256,0
vanilla_ar,31,256,0.0,8860.398814082146,28.89260465264048,256,0
vanilla_ar,32,256,0.0,8342.011931817979,30.688040498188283,256,0
vanilla_ar,33,256,0.0,8081.765238661319,31.6762480027698,256,0
vanilla_ar,34,256,0.0,8331.6650679335,30.726151124975022,256,0
vanilla_ar,35,256,0.0,8588.562545832247,29.80708338955144,256,0
vanilla_ar,36,256,0.0,8425.788597203791,30.382912773880534,256,0
vanilla_ar,37,256,0.0,8848.792751319706,28.930500147810584,256,0
vanilla_ar,38,256,0.0,8424.963454250246,30.385888483688614,256,0
vanilla_ar,39,256,0.0,9080.471522174776,28.192368576327844,256,0
vanilla_ar,40,256,0.0,8394.61829001084,30.49572847220781,256,0
vanilla_ar,41,256,0.0,10127.749260049313,25.2770870828958,256,0
vanilla_ar,42,256,0.0,9236.213011201471,27.7169874373327,256,0
vanilla_ar,43,256,0.0,8790.611055213958,29.121980075339497,256,0
vanilla_ar,44,256,0.0,9126.291471999139,28.050824454319397,256,0
vanilla_ar,45,256,0.0,9436.186103150249,27.12960482143681,256,0
vanilla_ar,46,256,0.0,9432.477322872728,27.1402719812777,256,0
vanilla_ar,47,256,0.0,8542.011514306068,29.969521765599822,256,0
vanilla_ar,48,256,0.0,8242.78921727091,31.05744830446587,256,0
vanilla_ar,49,256,0.0,8383.116944693029,30.537567552610845,256,0
vanilla_ar,50,256,0.0,8241.404385305941,31.06266699598392,256,0
vanilla_ar,51,256,0.0,8512.657448183745,30.072865207869956,256,0
vanilla_ar,52,256,0.0,8816.999744158238,29.034819941966596,256,0
vanilla_ar,53,256,0.0,9574.068502988666,26.738893702304967,256,0
vanilla_ar,54,256,0.0,9286.360056139529,27.567313613986965,256,0
vanilla_ar,55,256,0.0,8549.74147863686,29.942425819501583,256,0
vanilla_ar,56,256,0.0,8421.264884062111,30.399233787848143,256,0
vanilla_ar,57,256,0.0,9201.491341926157,27.821577012581447,256,0
vanilla_ar,58,256,0.0,9273.408966138959,27.605813669467356,256,0
vanilla_ar,59,256,0.0,8105.380413122475,31.58395867336964,256,0
vanilla_ar,60,256,0.0,8298.12290519476,30.850350485859863,256,0
vanilla_ar,61,256,0.0,8834.95693700388,28.975806200908885,256,0
vanilla_ar,62,256,0.0,8947.791351005435,28.61041233055061,256,0
vanilla_ar,63,256,0.0,8967.227614950389,28.548399906030077,256,0
vanilla_ar,64,256,0.0,9387.872781138867,27.269223387254293,256,0
vanilla_ar,65,256,0.0,8492.719182278961,30.143466951571124,256,0
vanilla_ar,66,256,0.0,8793.426170945168,29.11265700346281,256,0
vanilla_ar,67,256,0.0,8623.675809241831,29.685717049526563,256,0
vanilla_ar,68,256,0.0,8234.09107606858,31.090256062874257,256,0
vanilla_ar,69,256,0.0,8586.975314188749,29.812592983351962,256,0
vanilla_ar,70,256,0.0,8633.885997347534,29.650611564554737,256,0
vanilla_ar,71,256,0.0,8426.712653134018,30.379581046327697,256,0
vanilla_ar,72,256,0.0,8524.908741936088,30.029646973307067,256,0
vanilla_ar,73,256,0.0,8444.071242585778,30.317129337910064,256,0
vanilla_ar,74,256,0.0,10147.90528640151,25.226881092696782,256,0
vanilla_ar,75,256,0.0,8934.439598117024,28.65316813535269,256,0
vanilla_ar,76,256,0.0,9313.046182971448,27.488320681592484,256,0
vanilla_ar,77,256,0.0,8409.186732023954,30.44289634158058,256,0
vanilla_ar,78,256,0.0,8377.420443110168,30.55833257247364,256,0
vanilla_ar,79,256,0.0,8489.269117359072,30.15571734868491,256,0
vanilla_ar,80,256,0.0,8260.628623887897,30.9903775675988,256,0
vanilla_ar,81,256,0.0,8827.46070297435,29.000412305856276,256,0
vanilla_ar,82,256,0.0,8048.030219040811,31.809025691072872,256,0
vanilla_ar,83,256,0.0,8133.400752674788,31.475148930268883,256,0
vanilla_ar,84,256,0.0,7939.3512276001275,32.24444827557812,256,0
vanilla_ar,85,256,0.0,9236.39307776466,27.716447085419592,256,0
vanilla_ar,86,256,0.0,9321.868886239827,27.462304300148016,256,0
vanilla_ar,87,256,0.0,9180.165708065033,27.886206866080514,256,0
vanilla_ar,88,256,0.0,8285.876442212611,30.895947071549532,256,0
vanilla_ar,89,256,0.0,8519.15676984936,30.04992241791164,256,0
vanilla_ar,90,256,0.0,9276.003864593804,27.59809113244804,256,0
vanilla_ar,91,256,0.0,8189.615407027304,31.259099148945726,256,0
vanilla_ar,92,256,0.0,8551.150841638446,29.93749084081752,256,0
vanilla_ar,93,256,0.0,9263.515843078494,27.635295749105655,256,0
vanilla_ar,94,256,0.0,8588.832407258451,29.80614684990867,256,0
vanilla_ar,95,256,0.0,8404.314676299691,30.460544358473904,256,0
vanilla_ar,96,256,0.0,8113.638637121767,31.551811887300598,256,0
vanilla_ar,97,256,0.0,8651.459136977792,29.590384228460714,256,0
vanilla_ar,98,256,0.0,9482.249236200005,26.99781387549686,256,0
vanilla_ar,99,256,0.0,9223.914166912436,27.75394429821457,256,0
fixed_sd,0,256,0.8652173913043478,14060.134722851217,18.207506901334046,288,230
fixed_sd,1,256,0.8065843621399177,13753.193521872163,18.613858635296207,304,243
fixed_sd,2,256,0.8728070175438597,13816.290841903538,18.52885140660007,285,228
fixed_sd,3,256,0.7698412698412699,14625.41935686022,17.503771601593105,315,252
fixed_sd,4,256,0.48011363636363635,23419.27167912945,10.931168291972952,440,352
fixed_sd,5,256,0.677536231884058,16693.9620221965,15.334885730518566,345,276
fixed_sd,6,256,0.9439252336448598,12377.954753115773,20.68193050516361,268,214
fixed_sd,7,256,0.7251908396946565,16060.337622184306,15.939889062256364,328,262
fixed_sd,8,256,0.6836363636363636,18555.972297675908,13.796097336923886,344,275
fixed_sd,9,256,0.6911764705882353,16357.428551651537,15.650381671644398,340,272
fixed_sd,10,256,0.8771929824561403,14011.217274703085,18.27107488099566,285,228
fixed_sd,11,256,0.966824644549763,12939.572018105537,19.784271044034156,264,211
fixed_sd,12,256,0.7729083665338645,15510.005196556449,16.50547480518172,314,251
fixed_sd,13,256,0.8771929824561403,13655.938533134758,18.74642298505092,285,228
fixed_sd,14,256,0.6642857142857143,16638.614262919873,15.385896683145724,351,280
fixed_sd,15,256,0.8425531914893617,14917.187846265733,17.161411563512978,294,235
fixed_sd,16,256,0.7729083665338645,15030.90892219916,17.03157149877433,314,251
fixed_sd,17,256,0.8577586206896551,14135.017400141805,18.111049512923255,290,232
fixed_sd,18,256,0.8497854077253219,13116.326925344765,19.517659285034252,292,233
fixed_sd,19,256,0.8614718614718615,14178.22413565591,18.055857881115166,289,231
fixed_sd,20,256,0.8652173913043478,14180.592007003725,18.05284291893899,288,230
fixed_sd,21,256,0.7894736842105263,14679.93601411581,17.438768108650994,309,247
fixed_sd,22,256,0.8235294117647058,14866.572682280093,17.219839802426954,299,238
fixed_sd,23,256,0.8382978723404255,13664.38010102138,18.734841837491377,294,235
fixed_sd,24,256,0.9136363636363637,12605.688164941967,20.308292308227074,275,220
fixed_sd,25,256,0.9308755760368663,13411.574382334948,19.087990171921227,272,217
fixed_sd,26,256,0.9530516431924883,13306.193175259978,19.239161541407448,267,213
fixed_sd,27,256,0.8849557522123894,13580.753993242979,18.850205233624823,283,226
fixed_sd,28,256,0.8065843621399177,14685.148599091917,17.43257810927635,304,243
fixed_sd,29,256,0.7926829268292683,15533.993379678577,16.479986423510184,308,246
fixed_sd,30,256,0.9181818181818182,12632.651573047042,20.264945844481314,275,220
fixed_sd,31,256,0.782258064516129,14924.462308641523,17.153046770185586,310,248
fixed_sd,32,256,0.6607142857142857,17223.281087819487,14.863602277329509,351,280
fixed_sd,33,256,0.9575471698113207,11947.643840219826,21.426818829183464,265,212
fixed_sd,34,256,0.9013452914798207,12968.328659888357,19.74040037956625,279,223
fixed_sd,35,256,0.8614718614718615,13798.463356681168,18.552790508810222,289,231
fixed_sd,36,256,0.926605504587156,12766.01316826418,20.05324580397631,273,218
fixed_sd,37,256,0.7658730158730159,15376.065218821168,16.64925300177848,315,252
fixed_sd,38,256,0.8497854077253219,13780.733229126781,18.576660308532908,292,233
fixed_sd,39,256,0.782258064516129,15381.529717706144,16.643338126851628,310,248
fixed_sd,40,256,0.5134328358208955,20124.973041005433,12.720513934522536,419,335
fixed_sd,41,256,0.6750902527075813,19446.55408291146,13.164286017385384,347,277
fixed_sd,42,256,0.8024691358024691,15803.541840054095,16.19890038517617,305,243
fixed_sd,43,256,0.7991803278688525,14932.224217802286,17.144130456787227,305,244
fixed_sd,44,256,0.776,15508.732253685594,16.506829559789615,313,250
fixed_sd,45,256,0.9136363636363637,14324.574574828148,17.87138589440945,276,220
fixed_sd,46,256,0.7318007662835249,16878.028586972505,15.167648204932918,327,261
fixed_sd,47,256,0.9760765550239234,12559.833600651473,20.382435638854435,262,209
fixed_sd,48,256,0.7729083665338645,14842.899369075894,17.24730415766056,314,251
fixed_sd,49,256,0.9308755760368663,12739.48719073087,20.095000384808518,272,217
fixed_sd,50,256,0.9223744292237442,12591.927925124764,20.33048485682652,274,219
fixed_sd,51,256,0.6988847583643123,16751.60333979875,15.282119257909526,337,269
fixed_sd,52,256,0.8928571428571429,13604.755477048457,18.816949737308992,280,224
fixed_sd,53,256,0.9013452914798207,14533.421732019633,17.614571758830053,279,223
fixed_sd,54,256,0.5103857566765578,21248.87327803299,12.047697619085145,422,337
fixed_sd,55,256,0.7318007662835249,15588.112044613808,16.422771357257226,327,261
fixed_sd,56,256,0.7169811320754716,15829.680482391268,16.17215207121654,332,265
fixed_sd,57,256,0.8312236286919831,14948.287025559694,17.12570808697158,297,237
fixed_sd,58,256,0.8347457627118644,15495.296562090516,16.52114233336508,295,236
fixed_sd,59,256,0.8166666666666667,13644.495410844684,18.76214490105149,300,240
fixed_sd,60,256,0.594059405940594,17790.354911703616,14.38981972369686,380,303
fixed_sd,61,256,0.8024691358024691,15333.356279879808,16.695627188674877,305,243
fixed_sd,62,256,0.7568627450980392,15832.475988194346,16.169296589547276,319,255
fixed_sd,63,256,0.8928571428571429,13968.475278001279,18.326982358852735,280,224
fixed_sd,64,256,0.6423611111111112,18281.96250088513,14.00287304973991,360,288
fixed_sd,65,256,0.8454935622317596,13902.70821005106,18.41367855328525,292,233
fixed_sd,66,256,0.7862903225806451,14884.177369996905,17.199472542972874,310,248
fixed_sd,67,256,0.926605504587156,13074.644025880843,19.579882977559933,273,218
fixed_sd,68,256,0.9351851851851852,12497.737658210099,20.483707291761462,270,216
fixed_sd,69,256,0.8057851239669421,14992.019823286682,17.075751167455262,303,242
fixed_sd,70,256,0.8844444444444445,13528.910975903273,18.922439541214285,282,225
fixed_sd,71,256,0.7791164658634538,14324.785988777876,17.87112213756994,312,249
fixed_sd,72,256,0.926605504587156,12957.018182147294,19.757632226890536,273,218
fixed_sd,73,256,0.8277310924369747,14032.802589703351,18.242970238022266,298,238
fixed_sd,74,256,0.8065843621399177,16615.352236665785,15.407437432176382,304,243
fixed_sd,75,256,0.9223744292237442,13810.975839849561,18.535982031142886,274,219
fixed_sd,76,256,0.6066666666666667,19978.318355046213,12.813891312095263,375,300
fixed_sd,77,256,0.7854251012145749,14900.47917701304,17.180655531865785,309,247
fixed_sd,78,256,0.8166666666666667,14300.360264256597,17.901646900453674,300,240
fixed_sd,79,256,0.8652173913043478,14175.790443085134,18.05895770171146,288,230
fixed_sd,80,256,0.8312236286919831,13589.396914932877,18.838216412583492,297,237
fixed_sd,81,256,0.8497854077253219,15000.524227973074,17.06607023257291,292,233
fixed_sd,82,256,0.8771929824561403,13002.82618124038,19.68802754353049,285,228
fixed_sd,83,256,0.6678571428571428,16516.440905164927,15.499707320113083,350,280
fixed_sd,84,256,0.7413127413127413,14964.085727930069,17.10762719851189,324,259
fixed_sd,85,256,0.6468531468531469,17730.646660085768,14.438277684270409,358,286
fixed_sd,86,256,0.6911764705882353,17438.775145914406,14.679930090157521,340,272
fixed_sd,87,256,0.7196969696969697,17141.99717901647,14.934082494971458,330,264
fixed_sd,88,256,0.6491228070175439,17666.679131798446,14.490555813583711,357,285
fixed_sd,89,256,0.853448275862069,13812.203572131693,18.534334413990287,290,232
fixed_sd,90,256,0.8771929824561403,14615.162607748061,17.516055542501082,285,228
fixed_sd,91,256,0.8973214285714286,12781.045561190695,20.029660231971725,280,224
fixed_sd,92,256,0.8652173913043478,13768.749877810478,18.592828126870543,288,230
fixed_sd,93,256,0.7441860465116279,16258.452758658677,15.745655739822071,323,258
fixed_sd,94,256,0.8497854077253219,14338.665747083724,17.853822978757048,292,233
fixed_sd,95,256,0.6595744680851063,16387.79866974801,15.621378145960373,353,282
fixed_sd,96,256,0.7959183673469388,14477.603318169713,17.682484757592047,307,245
fixed_sd,97,256,0.8305084745762712,14192.625362891704,18.037536639932895,296,236
fixed_sd,98,256,0.7598425196850394,16334.271253086627,15.672569411483517,318,254
fixed_sd,99,256,0.46629213483146065,23145.902446005493,11.060273005003541,446,356
specdecpp,0,256,0.8652173913043478,14365.886208135635,17.819993580000865,288,230
specdecpp,1,256,0.6097560975609756,16809.79204364121,15.229218739611916,369,301
specdecpp,2,256,0.8728070175438597,13926.676173694432,18.381988408946324,285,228
specdecpp,3,256,0.7642276422764228,14875.25728205219,17.209786368460193,315,257
specdecpp,4,256,0.6681034482758621,18019.963704049587,14.206465906613879,334,288
specdecpp,5,256,0.7815126050420168,15001.177227590233,17.065327348387274,309,254
specdecpp,6,256,0.9425837320574163,12763.56670819223,20.05708951524402,269,219
specdecpp,7,256,0.7392996108949417,16012.735486961901,15.987274642015018,323,260
specdecpp,8,256,0.7490196078431373,17136.84116024524,14.938575762368592,321,257
specdecpp,9,256,0.5787671232876712,19012.168182991445,13.465060772448943,380,312
specdecpp,10,256,0.8771929824561403,14119.822979904711,18.13053891428656,285,228
specdecpp,11,256,0.966824644549763,13119.659483898431,19.512701554044533,264,211
specdecpp,12,256,0.9220183486238532,13561.750417109579,18.876619324672795,274,220
specdecpp,13,256,0.8771929824561403,13799.660153687,18.55118148917615,285,228
specdecpp,14,256,0.694980694980695,16526.442850008607,15.490326764411174,336,276
specdecpp,15,256,0.8761061946902655,14766.785378567874,17.336203746250128,285,229
specdecpp,16,256,0.8041666666666667,14766.319234855473,17.33675101617195,304,245
specdecpp,17,256,0.8577586206896551,14182.236728258431,18.05074932150259,290,232
specdecpp,18,256,0.8565217391304348,13038.283839821815,19.63448588364974,290,233
specdecpp,19,256,0.8614718614718615,14220.811801962554,18.00178524018372,289,231
specdecpp,20,256,0.8652173913043478,14087.0639141649,18.17270096592559,288,230
specdecpp,21,256,0.8699551569506726,13529.583086259663,18.921499529426576,286,231
specdecpp,22,256,0.8478260869565217,14244.279271923006,17.972127273901695,292,236
specdecpp,23,256,0.8539823008849557,13836.103374138474,18.502319119593903,289,235
specdecpp,24,256,0.8143459915611815,14010.483753867447,18.2720314656754,301,243
specdecpp,25,256,0.8844444444444445,13840.241188183427,18.496787485074222,282,226
specdecpp,26,256,0.9530516431924883,13339.698746800423,19.19083817851603,267,213
specdecpp,27,256,0.8849557522123894,13643.59079534188,18.763388893736256,283,226
specdecpp,28,256,0.7883817427385892,15189.365658909082,16.853896716209952,307,248
specdecpp,29,256,0.7966101694915254,14922.058931086212,17.155809475238758,304,246
specdecpp,30,256,0.9181818181818182,12899.29638709873,19.84604371568973,275,220
specdecpp,31,256,0.7410358565737052,16279.471084009856,15.725326620190396,322,261
specdecpp,32,256,0.7975206611570248,14403.117303736508,17.77393008759205,306,246
specdecpp,33,256,0.9575471698113207,12077.704678755254,21.196080448158774,265,212
specdecpp,34,256,0.8478260869565217,13944.14530089125,18.35895958310457,292,236
specdecpp,35,256,0.8533333333333334,13935.185847338289,18.370763246684483,289,233
specdecpp,36,256,0.9259259259259259,12998.538019135594,19.694522539622042,272,218
specdecpp,37,256,0.7053941908713693,16552.960773929954,15.465511185357643,327,273
specdecpp,38,256,0.8497854077253219,14026.834368240088,18.25073236621669,292,233
specdecpp,39,256,0.782258064516129,15407.29852579534,16.615502034402557,310,248
specdecpp,40,256,0.8222222222222222,14078.410119283944,18.183871462115118,297,244
specdecpp,41,256,0.7741935483870968,17277.137218043208,14.817269595604584,313,253
specdecpp,42,256,0.874439461883408,14605.185324326158,17.528021337299336,285,230
specdecpp,43,256,0.7782258064516129,15471.247570589185,16.546823314149247,312,251
specdecpp,44,256,0.776,15502.555690705776,16.513406247814952,313,250
specdecpp,45,256,0.9439252336448598,13995.287356898189,18.291871647338432,269,215
specdecpp,46,256,0.8376068376068376,15337.908763438463,16.69067171727065,295,236
specdecpp,47,256,0.9760765550239234,12508.683098014444,20.465783487682724,262,209
specdecpp,48,256,0.9166666666666666,12719.730634242296,20.126212367330506,275,222
specdecpp,49,256,0.9299065420560748,12795.630380976945,20.006829861277566,272,219
specdecpp,50,256,0.9223744292237442,12569.442708045244,20.366853642297418,274,219
specdecpp,51,256,0.8041666666666667,14871.066769119352,17.214635908406997,304,246
specdecpp,52,256,0.8928571428571429,13676.388530060649,18.71839187935565,280,224
specdecpp,53,256,0.9013452914798207,14586.011402774602,17.55106265385908,279,223
specdecpp,54,256,0.732,16472.671112045646,15.54089183586018,324,264
specdecpp,55,256,0.8135593220338984,14466.11624583602,17.696525843533713,301,246
specdecpp,56,256,0.8722466960352423,13454.435874242336,19.027181993568067,286,230
specdecpp,57,256,0.8521739130434782,14534.735249821097,17.612979913284008,290,232
specdecpp,58,256,0.8347457627118644,15295.999458059669,16.73640226661424,295,236
specdecpp,59,256,0.7956521739130434,13992.483962792903,18.295536423748906,304,247
specdecpp,60,256,0.784037558685446,14116.276848129928,18.1350934636787,302,254
specdecpp,61,256,0.8558951965065502,14283.134976401925,17.923236069879188,290,232
specdecpp,62,256,0.7975206611570248,15103.576743975282,16.94962751800607,306,248
specdecpp,63,256,0.825531914893617,14724.522231612355,17.385963087507776,298,239
specdecpp,64,256,0.690566037735849,17080.515954177827,14.987837644177453,338,275
specdecpp,65,256,0.8628318584070797,13736.639399081469,18.636290330014635,288,232
specdecpp,66,256,0.7862903225806451,15317.859696689993,16.712517614671622,310,248
specdecpp,67,256,0.926605504587156,13145.129069685936,19.474894361468326,273,218
specdecpp,68,256,0.9351851851851852,12434.240149799734,20.58831073840271,270,216
specdecpp,69,256,0.8565217391304348,14010.406041052192,18.272132816842632,289,232
specdecpp,70,256,0.8844444444444445,13497.127736918628,18.966998385868752,282,225
specdecpp,71,256,0.6325757575757576,17043.290158733726,15.02057393940538,353,291
specdecpp,72,256,0.926605504587156,12971.32461098954,19.73584099368789,273,218
specdecpp,73,256,0.9136363636363637,13028.111202642322,19.649816924196877,276,222
specdecpp,74,256,0.9004524886877828,15464.925735257566,16.55358741337896,278,224
specdecpp,75,256,0.9223744292237442,13508.376976009458,18.95120342396793,274,219
specdecpp,76,256,0.6504065040650406,18012.346724048257,14.21247347288817,342,291
specdecpp,77,256,0.9090909090909091,13069.618806242943,19.58741136946679,277,221
specdecpp,78,256,0.8057851239669421,14610.983279068023,17.52106583865239,303,243
specdecpp,79,256,0.8545454545454545,13948.050898034126,18.353818886342125,289,238
specdecpp,80,256,0.8312236286919831,13650.868974160403,18.75338489326796,297,237
specdecpp,81,256,0.8697674418604651,14502.767325844616,17.651803566054316,284,235
specdecpp,82,256,0.8771929824561403,12888.942739460617,19.861985980916323,285,228
specdecpp,83,256,0.9038461538461539,12736.254720017314,20.10010051052528,277,228
specdecpp,84,256,0.8237885462555066,13682.143887039274,18.710518038222204,297,244
specdecpp,85,256,0.6875,17227.617321070284,14.859861072424595,337,277
specdecpp,86,256,0.9113300492610837,14301.599399652332,17.900095845659283,275,228
specdecpp,87,256,0.7196969696969697,16964.339982252568,15.09047804204686,330,264
specdecpp,88,256,0.8849557522123894,13221.84974886477,19.36188996717197,283,227
specdecpp,89,256,0.8805309734513275,13589.03115708381,18.838723455759396,283,227
specdecpp,90,256,0.8596491228070176,15161.247674841434,16.885153879835777,289,232
specdecpp,91,256,0.8973214285714286,12932.433800771832,19.79519121796869,280,224
specdecpp,92,256,0.8652173913043478,13681.719322223216,18.711098654405166,288,230
specdecpp,93,256,0.7265625,16841.012560762465,15.200986227897557,327,266
specdecpp,94,256,0.9313725490196079,13062.34865123406,19.598313200422382,271,222
specdecpp,95,256,0.9395348837209302,12858.779245987535,19.9085772531543,270,216
specdecpp,96,256,0.8008298755186722,14372.336711268872,17.81199572086833,305,245
specdecpp,97,256,0.853448275862069,13901.267174165696,18.415587355644377,291,234
specdecpp,98,256,0.7307692307692307,16911.775928921998,15.137381258830228,327,263
specdecpp,99,256,0.6507352941176471,18117.117586079985,14.130283075310707,352,289
fuzzy_sd_T1,0,256,0.8652173913043478,14149.66796990484,18.092297327717553,288,230
fuzzy_sd_T1,1,256,0.8065843621399177,13813.592980150133,18.5324701812097,304,243
fuzzy_sd_T1,2,256,0.8728070175438597,13882.834189105779,18.440038720687873,285,228
fuzzy_sd_T1,3,256,0.7698412698412699,14713.072003796697,17.3994934527568,315,252
fuzzy_sd_T1,4,256,0.48011363636363635,23472.3780490458,10.906436470351878,440,352
fuzzy_sd_T1,5,256,0.677536231884058,16812.923801597208,15.22638197977679,345,276
fuzzy_sd_T1,6,256,0.9439252336448598,12469.461071770638,20.530157520564643,268,214
fuzzy_sd_T1,7,256,0.7251908396946565,16225.745615083724,15.777395139365314,328,262
fuzzy_sd_T1,8,256,0.6836363636363636,18715.451451018453,13.678537259440196,344,275
fuzzy_sd_T1,9,256,0.6911764705882353,16251.054092310369,15.752824311940072,340,272
fuzzy_sd_T1,10,256,0.8771929824561403,14079.571216832846,18.182371895952265,285,228
fuzzy_sd_T1,11,256,0.966824644549763,13085.01815609634,19.56435955579695,264,211
fuzzy_sd_T1,12,256,0.7729083665338645,15469.532060902566,16.548658291158663,314,251
fuzzy_sd_T1,13,256,0.8771929824561403,13704.554269090295,18.679921650380916,285,228
fuzzy_sd_T1,14,256,0.6642857142857143,16669.771664775908,15.357138966752693,351,280
fuzzy_sd_T1,15,256,0.8425531914893617,15065.943848807365,16.991965625855244,294,235
fuzzy_sd_T1,16,256,0.7729083665338645,15034.288526978344,17.027742918503904,314,251
fuzzy_sd_T1,17,256,0.8577586206896551,14176.801642868668,18.057669596356046,290,232
fuzzy_sd_T1,18,256,0.8497854077253219,13110.193808097392,19.526789897025314,292,233
fuzzy_sd_T1,19,256,0.8614718614718615,14336.051550228149,17.85707864561396,289,231
fuzzy_sd_T1,20,256,0.8652173913043478,14030.03103705123,18.24657403279736,288,230
fuzzy_sd_T1,21,256,0.7894736842105263,14714.269139338285,17.398077850539615,309,247
fuzzy_sd_T1,22,256,0.8235294117647058,15029.945779126137,17.03266290923933,299,238
fuzzy_sd_T1,23,256,0.8382978723404255,13777.0887860097,18.58157437875858,294,235
fuzzy_sd_T1,24,256,0.9136363636363637,12742.35858116299,20.09047213429109,275,220
fuzzy_sd_T1,25,256,0.9308755760368663,13445.294609759003,19.040118303855344,272,217
fuzzy_sd_T1,26,256,0.9530516431924883,13283.702361863106,19.271735622063026,267,213
fuzzy_sd_T1,27,256,0.8849557522123894,13705.98349487409,18.67797375472848,283,226
fuzzy_sd_T1,28,256,0.8065843621399177,14786.465280223638,17.313130295067257,304,243
fuzzy_sd_T1,29,256,0.7926829268292683,15153.158755041659,16.89416735733897,308,246
fuzzy_sd_T1,30,256,0.9181818181818182,12794.092511758208,20.00923471240553,275,220
fuzzy_sd_T1,31,256,0.782258064516129,15005.614933092147,17.06028051109313,310,248
fuzzy_sd_T1,32,256,0.6607142857142857,17281.814777757972,14.813259098776879,351,280
fuzzy_sd_T1,33,256,0.9575471698113207,11998.56291199103,21.33588846245584,265,212
fuzzy_sd_T1,34,256,0.9013452914798207,13058.492733165622,19.604100199850617,279,223
fuzzy_sd_T1,35,256,0.8614718614718615,13851.836387068033,18.481304055756794,289,231
fuzzy_sd_T1,36,256,0.926605504587156,12894.075428135693,19.85407960631219,273,218
fuzzy_sd_T1,37,256,0.7658730158730159,15434.110771398991,16.586637467601605,315,252
fuzzy_sd_T1,38,256,0.8497854077253219,13619.6542349644,18.796365574597065,292,233
fuzzy_sd_T1,39,256,0.782258064516129,15375.501056201756,16.649863901296513,310,248
fuzzy_sd_T1,40,256,0.5134328358208955,20126.234705094248,12.719716516830772,419,335
fuzzy_sd_T1,41,256,0.6750902527075813,19432.06213414669,13.174103614569447,347,277
fuzzy_sd_T1,42,256,0.8024691358024691,15900.696427561343,16.099923746501094,305,243
fuzzy_sd_T1,43,256,0.7991803278688525,15022.314473986626,17.041315467287156,305,244
fuzzy_sd_T1,44,256,0.776,15618.451992049813,16.390868962577755,313,250
fuzzy_sd_T1,45,256,0.9136363636363637,14319.403366185725,17.877839841045766,276,220
fuzzy_sd_T1,46,256,0.7318007662835249,16903.104707133025,15.145146671899234,327,261
fuzzy_sd_T1,47,256,0.9760765550239234,12517.404931597412,20.451523410717886,262,209
fuzzy_sd_T1,48,256,0.7729083665338645,14832.456872798502,17.25944677914303,314,251
fuzzy_sd_T1,49,256,0.9308755760368663,12726.418801117688,20.115635356705138,272,217
fuzzy_sd_T1,50,256,0.9223744292237442,12618.834824301302,20.287134554372344,274,219
fuzzy_sd_T1,51,256,0.6988847583643123,16786.947357002646,15.249943575548896,337,269
fuzzy_sd_T1,52,256,0.8928571428571429,13594.916144851595,18.83056852078837,280,224
fuzzy_sd_T1,53,256,0.9013452914798207,14572.876730002463,17.566881594006095,279,223
fuzzy_sd_T1,54,256,0.5103857566765578,21295.082822907716,12.02155455928134,422,337
fuzzy_sd_T1,55,256,0.7318007662835249,15627.52438802272,16.381353414889183,327,261
fuzzy_sd_T1,56,256,0.7169811320754716,15990.261578932405,16.00974435198026,332,265
fuzzy_sd_T1,57,256,0.8312236286919831,14950.613452121615,17.12304319951978,297,237
fuzzy_sd_T1,58,256,0.8347457627118644,15269.682649988681,16.765246918880123,295,236
fuzzy_sd_T1,59,256,0.8166666666666667,13638.599599245936,18.770255563053116,300,240
fuzzy_sd_T1,60,256,0.594059405940594,17676.993746776134,14.482100501205888,380,303
fuzzy_sd_T1,61,256,0.8024691358024691,15213.316773995757,16.82736275087513,305,243
fuzzy_sd_T1,62,256,0.7568627450980392,15856.553487945348,16.144744202743635,319,255
fuzzy_sd_T1,63,256,0.8928571428571429,13993.025535251945,18.294828331090493,280,224
fuzzy_sd_T1,64,256,0.6423611111111112,18010.873374994844,14.213636100257869,360,288
fuzzy_sd_T1,65,256,0.8454935622317596,13919.829250313342,18.39103019128179,292,233
fuzzy_sd_T1,66,256,0.7862903225806451,14844.326735008508,17.245645731864396,310,248
fuzzy_sd_T1,67,256,0.926605504587156,13164.89279596135,19.4456577784313,273,218
fuzzy_sd_T1,68,256,0.9351851851851852,12579.452731180936,20.35064684216729,270,216
fuzzy_sd_T1,69,256,0.8057851239669421,14843.717569019645,17.246353469719615,303,242
fuzzy_sd_T1,70,256,0.8844444444444445,13443.348260130733,19.04287496287108,282,225
fuzzy_sd_T1,71,256,0.7791164658634538,14317.015723790973,17.88082132050731,312,249
fuzzy_sd_T1,72,256,0.926605504587156,13032.424347940832,19.64331372009452,273,218
fuzzy_sd_T1,73,256,0.8277310924369747,13957.77563098818,18.341031319606888,298,238
fuzzy_sd_T1,74,256,0.8065843621399177,16647.946074139327,15.377272298933416,304,243
fuzzy_sd_T1,75,256,0.9223744292237442,13502.778477966785,18.959060938289777,274,219
fuzzy_sd_T1,76,256,0.6066666666666667,19992.090431042016,12.805064126886151,375,300
fuzzy_sd_T1,77,256,0.7854251012145749,14865.324229933321,17.221285996877867,309,247
fuzzy_sd_T1,78,256,0.8166666666666667,14403.056989889592,17.774004517214813,300,240
fuzzy_sd_T1,79,256,0.8652173913043478,13756.770853884518,18.609018258649918,288,230
fuzzy_sd_T1,80,256,0.8312236286919831,13619.163621682674,18.797042690083394,297,237
fuzzy_sd_T1,81,256,0.8497854077253219,14693.045534193516,17.42320878297418,292,233
fuzzy_sd_T1,82,256,0.8771929824561403,12799.515685997903,20.00075676926218,285,228
fuzzy_sd_T1,83,256,0.6678571428571428,16594.337067566812,15.426949504379127,350,280
fuzzy_sd_T1,84,256,0.7413127413127413,14846.477430779487,17.243147486909237,324,259
fuzzy_sd_T1,85,256,0.6468531468531469,17639.29435610771,14.513052213529079,358,286
fuzzy_sd_T1,86,256,0.6911764705882353,17377.62944912538,14.731583542477052,340,272
fuzzy_sd_T1,87,256,0.7196969696969697,16963.042731862515,15.09163208786491,330,264
fuzzy_sd_T1,88,256,0.6491228070175439,17440.96949417144,14.678083124080464,357,285
fuzzy_sd_T1,89,256,0.853448275862069,13840.522142127156,18.496412011856023,290,232
fuzzy_sd_T1,90,256,0.8771929824561403,14662.793279159814,17.459156323498885,285,228
fuzzy_sd_T1,91,256,0.8973214285714286,12948.927055113018,19.769977768074288,280,224
fuzzy_sd_T1,92,256,0.8652173913043478,13721.837118733674,18.656394022524665,288,230
fuzzy_sd_T1,93,256,0.7441860465116279,16218.171847984195,15.784763066980265,323,258
fuzzy_sd_T1,94,256,0.8497854077253219,14327.05403631553,17.868293045527953,292,233
fuzzy_sd_T1,95,256,0.6595744680851063,16467.57340617478,15.545702677967643,353,282
fuzzy_sd_T1,96,256,0.7959183673469388,14456.921264063567,17.70778129893773,307,245
fuzzy_sd_T1,97,256,0.8305084745762712,14214.079489000142,18.01031155046733,296,236
fuzzy_sd_T1,98,256,0.7598425196850394,16398.232588078827,15.61143852698532,318,254
fuzzy_sd_T1,99,256,0.46629213483146065,23276.421421207488,10.998254214746028,446,356
fuzzy_sd_T1.5,0,256,0.7568627450980392,15735.77511915937,16.268661572845094,319,255
fuzzy_sd_T1.5,1,256,0.6224489795918368,16424.77573081851,15.58620977208573,368,294
fuzzy_sd_T1.5,2,256,0.8728070175438597,13973.24617113918,18.32072496716984,285,228
fuzzy_sd_T1.5,3,256,0.8425531914893617,13823.07481765747,18.519757968247983,294,235
fuzzy_sd_T1.5,4,256,0.9441860465116279,14389.660413842648,17.790551871101258,269,215
fuzzy_sd_T1.5,5,256,0.7598425196850394,15501.537008676678,16.51449142473479,318,254
fuzzy_sd_T1.5,6,256,0.926605504587156,12888.837650883943,19.862147924754332,273,218
fuzzy_sd_T1.5,7,256,0.8242677824267782,14651.339011266828,17.472805714422204,299,239
fuzzy_sd_T1.5,8,256,0.7,18120.21869700402,14.127864805645354,338,270
fuzzy_sd_T1.5,9,256,0.5668789808917197,18793.065467849374,13.622045878462846,393,314
fuzzy_sd_T1.5,10,256,0.8888888888888888,13761.917504947633,18.60205889971102,282,225
fuzzy_sd_T1.5,11,256,1.0,12715.317983645946,20.13319685195914,257,205
fuzzy_sd_T1.5,12,256,0.7658730158730159,15436.030342243612,16.58457481127176,315,252
fuzzy_sd_T1.5,13,256,0.8461538461538461,14155.798790976405,18.084461624531343,293,234
fuzzy_sd_T1.5,14,256,0.7116104868913857,15822.532400023192,16.179458099869322,334,267
fuzzy_sd_T1.5,15,256,0.8849557522123894,14465.776002034545,17.69694207652564,283,226
fuzzy_sd_T1.5,16,256,0.7729083665338645,15220.651980955154,16.81925323043455,314,251
fuzzy_sd_T1.5,17,256,0.9398148148148148,13071.635431610048,19.584389523359604,270,216
fuzzy_sd_T1.5,18,256,0.9308755760368663,12175.299486145377,21.026176833786288,272,217
fuzzy_sd_T1.5,19,256,0.8810572687224669,14057.517659850419,18.210896560433273,284,227
fuzzy_sd_T1.5,20,256,0.8389830508474576,14551.56554793939,17.592608792271943,295,236
fuzzy_sd_T1.5,21,256,0.7894736842105263,14455.121589824557,17.709985931920972,309,247
fuzzy_sd_T1.5,22,256,0.9485981308411215,12904.053741134703,19.838727049310084,268,214
fuzzy_sd_T1.5,23,256,0.8242677824267782,13748.472733888775,18.6202500419543,299,239
fuzzy_sd_T1.5,24,256,0.9622641509433962,12245.560182724148,20.905536062054633,265,212
fuzzy_sd_T1.5,25,256,0.8973214285714286,14004.918831866235,18.27929194544904,280,224
fuzzy_sd_T1.5,26,256,0.9575471698113207,13207.152804359794,19.38343591477886,265,212
fuzzy_sd_T1.5,27,256,0.8849557522123894,13636.183276306838,18.773581640311736,283,226
fuzzy_sd_T1.5,28,256,0.853448275862069,13839.314291253686,18.498026319251203,290,232
fuzzy_sd_T1.5,29,256,0.8577586206896551,14431.847357191145,17.738546816907643,290,232
fuzzy_sd_T1.5,30,256,0.9485981308411215,12250.68548321724,20.896789845001393,268,214
fuzzy_sd_T1.5,31,256,0.9622641509433962,13025.18576523289,19.65423024394176,265,212
fuzzy_sd_T1.5,32,256,0.7959183673469388,15059.121967293322,16.999663098287037,307,245
fuzzy_sd_T1.5,33,256,0.9485981308411215,12147.64995360747,21.074034976121126,268,214
fuzzy_sd_T1.5,34,256,0.7918367346938775,14947.883646935225,17.126170235643215,307,245
fuzzy_sd_T1.5,35,256,0.8973214285714286,13528.001128230244,18.92371220059843,280,224
fuzzy_sd_T1.5,36,256,0.9714285714285714,12476.676027290523,20.518285434361303,263,210
fuzzy_sd_T1.5,37,256,0.8810572687224669,13998.91273630783,18.287134495526487,284,227
fuzzy_sd_T1.5,38,256,0.8973214285714286,13092.314548324794,19.5534562704771,280,224
fuzzy_sd_T1.5,39,256,0.782258064516129,15387.400177307427,16.636988513338082,310,248
fuzzy_sd_T1.5,40,256,0.5632911392405063,18524.541575927287,13.819505273624314,395,316
fuzzy_sd_T1.5,41,256,0.7698412698412699,17486.37410905212,14.639970436608536,315,252
fuzzy_sd_T1.5,42,256,0.8577586206896551,14968.468252103776,17.10261836337328,290,232
fuzzy_sd_T1.5,43,256,0.8389830508474576,14555.34064117819,17.588045948973264,295,236
fuzzy_sd_T1.5,44,256,0.8065843621399177,15299.7188558802,16.73233360766041,304,243
fuzzy_sd_T1.5,45,256,0.9181818181818182,14193.37353715673,18.036585828578346,275,220
fuzzy_sd_T1.5,46,256,0.7729083665338645,16367.446056101471,15.640803038087185,314,251
fuzzy_sd_T1.5,47,256,0.9760765550239234,12473.6576420255,20.523250464843617,262,209
fuzzy_sd_T1.5,48,256,0.8771929824561403,13113.69973467663,19.52156944108288,285,228
fuzzy_sd_T1.5,49,256,0.9575471698113207,12392.96853588894,20.65687484468686,265,212
fuzzy_sd_T1.5,50,256,0.9530516431924883,12225.620976183563,20.939631655415084,267,213
fuzzy_sd_T1.5,51,256,0.8614718614718615,13730.643189046532,18.64442884978769,289,231
fuzzy_sd_T1.5,52,256,0.8888888888888888,14249.475738033652,17.96557323977216,282,225
fuzzy_sd_T1.5,53,256,0.926605504587156,14326.532163657248,17.868943933927472,273,218
fuzzy_sd_T1.5,54,256,0.7894736842105263,15940.748320892453,16.059471917292505,309,247
fuzzy_sd_T1.5,55,256,0.7658730158730159,15086.255594156682,16.969088081681168,315,252
fuzzy_sd_T1.5,56,256,0.8614718614718615,13736.216419842094,18.636864197203938,289,231
fuzzy_sd_T1.5,57,256,0.8065843621399177,15294.890916906297,16.737615285443383,304,243
fuzzy_sd_T1.5,58,256,0.8771929824561403,14587.93536759913,17.548747889889526,285,228
fuzzy_sd_T1.5,59,256,0.9223744292237442,12574.97081393376,20.357900132566343,274,219
fuzzy_sd_T1.5,60,256,0.9485981308411215,12392.08230888471,20.65835213315655,268,214
fuzzy_sd_T1.5,61,256,0.8425531914893617,14512.278296984732,17.640235031407165,294,235
fuzzy_sd_T1.5,62,256,0.853448275862069,14252.85296421498,17.961316281220753,290,232
fuzzy_sd_T1.5,63,256,0.9530516431924883,13392.822322901338,19.11471636282723,267,213
fuzzy_sd_T1.5,64,256,0.8728070175438597,15124.910244718194,16.925720275887148,285,228
fuzzy_sd_T1.5,65,256,0.8888888888888888,13460.41728835553,19.018726872714637,282,225
fuzzy_sd_T1.5,66,256,0.8771929824561403,13843.701739795506,18.492163787673565,285,228
fuzzy_sd_T1.5,67,256,0.966824644549763,12975.961760152131,19.72878810310232,264,211
fuzzy_sd_T1.5,68,256,0.9760765550239234,12044.95509294793,21.25371145218156,262,209
fuzzy_sd_T1.5,69,256,0.8928571428571429,13494.714104104787,18.970390778573854,280,224
fuzzy_sd_T1.5,70,256,0.9054054054054054,13338.535270188004,19.1925121322854,278,222
fuzzy_sd_T1.5,71,256,0.853448275862069,13983.116276096553,18.307793123169503,290,232
fuzzy_sd_T1.5,72,256,0.9485981308411215,12799.203131813556,20.00124518406066,268,214
fuzzy_sd_T1.5,73,256,0.8208333333333333,14247.735479380935,17.96776760562958,300,240
fuzzy_sd_T1.5,74,256,0.7559055118110236,17987.935973796993,14.231760685212295,318,254
fuzzy_sd_T1.5,75,256,0.8652173913043478,14378.413628786802,17.80446762829707,288,230
fuzzy_sd_T1.5,76,256,0.7926829268292683,15830.584808252752,16.171228233245234,308,246
fuzzy_sd_T1.5,77,256,0.8728070175438597,13351.291611790657,19.17417486214771,285,228
fuzzy_sd_T1.5,78,256,0.9485981308411215,12656.27201879397,20.227125303553212,268,214
fuzzy_sd_T1.5,79,256,0.8389830508474576,14359.56452600658,17.82783868802977,295,236
fuzzy_sd_T1.5,80,256,0.8928571428571429,12879.806603770703,19.876074841454002,280,224
fuzzy_sd_T1.5,81,256,0.8614718614718615,14546.237382106483,17.599052818628476,289,231
fuzzy_sd_T1.5,82,256,0.9351851851851852,12141.619295813143,21.084502302611135,270,216
fuzzy_sd_T1.5,83,256,0.7026022304832714,15604.99900393188,16.404999445081508,337,269
fuzzy_sd_T1.5,84,256,0.7658730158730159,14748.694096691906,17.357468961093996,315,252
fuzzy_sd_T1.5,85,256,0.7346153846153847,16154.751871246845,15.846730549643633,325,260
fuzzy_sd_T1.5,86,256,0.9013452914798207,14286.384668201208,17.91915911166858,279,223
fuzzy_sd_T1.5,87,256,0.8571428571428571,14903.620307333767,17.17703448698486,289,231
fuzzy_sd_T1.5,88,256,0.9181818181818182,13089.448736049235,19.55773731669528,275,220
fuzzy_sd_T1.5,89,256,0.9136363636363637,13018.945935182273,19.66365028893684,275,220
fuzzy_sd_T1.5,90,256,0.8810572687224669,14665.72870220989,17.4556617811582,284,227
fuzzy_sd_T1.5,91,256,0.8347457627118644,13510.639414191246,18.94802993047863,295,236
fuzzy_sd_T1.5,92,256,0.8277310924369747,14534.583100117743,17.613164288002604,298,238
fuzzy_sd_T1.5,93,256,0.8312236286919831,15205.857665278018,16.835617275608598,297,237
fuzzy_sd_T1.5,94,256,0.9223744292237442,13051.139688119292,19.61514519939142,274,219
fuzzy_sd_T1.5,95,256,0.9398148148148148,12658.684871625155,20.223269841706237,270,216
fuzzy_sd_T1.5,96,256,0.8728070175438597,13294.883892405778,19.255527319515046,285,228
fuzzy_sd_T1.5,97,256,0.7,16433.820346836,15.577631652112323,338,270
fuzzy_sd_T1.5,98,256,0.8347457627118644,15223.382683936507,16.816236267260592,295,236
fuzzy_sd_T1.5,99,256,0.8888888888888888,14570.762830786407,17.569430164569035,282,225
fuzzy_sd_T2,0,256,0.8347457627118644,14611.328093800694,17.520652356620197,295,236
fuzzy_sd_T2,1,256,0.6726618705035972,15343.039966654032,16.685089822902142,348,278
fuzzy_sd_T2,2,256,0.9223744292237442,13232.402378227562,19.34644916944329,274,219
fuzzy_sd_T2,3,256,0.8312236286919831,14071.3846180588,18.192950228327717,297,237
fuzzy_sd_T2,4,256,0.9441860465116279,14526.886583771557,17.62249595078313,269,215
fuzzy_sd_T2,5,256,0.7698412698412699,15175.644278991967,16.869135523582834,315,252
fuzzy_sd_T2,6,256,0.966824644549763,12429.924419149756,20.595459100748993,264,211
fuzzy_sd_T2,7,256,0.8242677824267782,14748.664712067693,17.357503543390948,299,239
fuzzy_sd_T2,8,256,0.9013452914798207,14770.512092858553,17.33182968813751,279,223
fuzzy_sd_T2,9,256,0.5668789808917197,18782.05864597112,13.6300287857377,393,314
fuzzy_sd_T2,10,256,0.9308755760368663,13316.173266619444,19.224742339582843,272,217
fuzzy_sd_T2,11,256,1.0,12811.633992940187,19.981838393218855,257,205
fuzzy_sd_T2,12,256,0.8208333333333333,14721.363136079162,17.389693986462056,300,240
fuzzy_sd_T2,13,256,0.8497854077253219,14129.044662695378,18.118705553809413,292,233
fuzzy_sd_T2,14,256,0.9441860465116279,13055.035775061697,19.609291342504203,269,215
fuzzy_sd_T2,15,256,0.8849557522123894,14605.6148679927,17.527505847152533,283,226
fuzzy_sd_T2,16,256,0.7052238805970149,16816.138114780188,15.223471539817709,335,268
fuzzy_sd_T2,17,256,0.9622641509433962,12941.280570812523,19.78165905601156,265,212
fuzzy_sd_T2,18,256,0.9308755760368663,12272.19692338258,20.86016070294925,272,217
fuzzy_sd_T2,19,256,0.8888888888888888,13859.204810112715,18.47147823468221,282,225
fuzzy_sd_T2,20,256,0.9351851851851852,13270.414375700057,19.29103287601712,270,216
fuzzy_sd_T2,21,256,0.6974169741697417,16375.834740232676,15.632790881252054,339,271
fuzzy_sd_T2,22,256,0.9049773755656109,13632.24578415975,18.779004138662472,277,221
fuzzy_sd_T2,23,256,0.8810572687224669,13470.958712976426,19.003844155011627,284,227
fuzzy_sd_T2,24,256,0.9622641509433962,12365.06732692942,20.703486138119693,265,212
fuzzy_sd_T2,25,256,0.9807692307692307,12960.834621917456,19.751814406079255,260,208
fuzzy_sd_T2,26,256,0.9575471698113207,13207.91433006525,19.38231832843326,265,212
fuzzy_sd_T2,27,256,0.9530516431924883,13002.257281914353,19.688888971308565,267,213
fuzzy_sd_T2,28,256,0.7950819672131147,14724.011332262307,17.386566352273125,306,244
fuzzy_sd_T2,29,256,0.8454935622317596,14776.365261990577,17.324964256163312,292,233
fuzzy_sd_T2,30,256,0.926605504587156,13165.309634059668,19.445042092873255,273,218
fuzzy_sd_T2,31,256,0.9760765550239234,12989.882020745426,19.707646273550175,262,209
fuzzy_sd_T2,32,256,0.8614718614718615,13494.575107004493,18.970586177783446,289,231
fuzzy_sd_T2,33,256,0.9308755760368663,12281.785806175321,20.843874338801967,272,217
fuzzy_sd_T2,34,256,0.9485981308411215,12571.043892297894,20.36425949931236,268,214
fuzzy_sd_T2,35,256,0.8973214285714286,13631.315662991256,18.780285507952456,280,224
fuzzy_sd_T2,36,256,0.9714285714285714,12410.621823277324,20.62749180865758,263,210
fuzzy_sd_T2,37,256,0.8888888888888888,13720.406951848418,18.65833869931326,282,225
fuzzy_sd_T2,38,256,0.8888888888888888,13214.013506658375,19.373372054675503,282,225
fuzzy_sd_T2,39,256,0.8652173913043478,14495.18324714154,17.661039231807116,288,230
fuzzy_sd_T2,40,256,0.8888888888888888,13293.394249863923,19.25768507186346,282,225
fuzzy_sd_T2,41,256,0.75,17745.622891932726,14.426092651635194,320,256
fuzzy_sd_T2,42,256,0.8577586206896551,14983.025003224611,17.08600232228834,290,232
fuzzy_sd_T2,43,256,0.8577586206896551,14208.146282937378,18.017832509750512,290,232
fuzzy_sd_T2,44,256,0.8849557522123894,14064.441957976669,18.20193085263573,283,226
fuzzy_sd_T2,45,256,0.8810572687224669,14911.53246210888,17.16792024230318,284,227
fuzzy_sd_T2,46,256,0.9054054054054054,14494.121220894158,17.662333307310856,278,222
fuzzy_sd_T2,47,256,0.9760765550239234,12529.854434076697,20.43120303965959,262,209
fuzzy_sd_T2,48,256,0.9181818181818182,12600.07801791653,20.31733451459458,275,220
fuzzy_sd_T2,49,256,0.9575471698113207,12386.320911347866,20.66796119947633,265,212
fuzzy_sd_T2,50,256,0.9530516431924883,12408.33906410262,20.631286643400095,267,213
fuzzy_sd_T2,51,256,0.8652173913043478,13553.739852737635,18.887775830247485,288,230
fuzzy_sd_T2,52,256,0.9951456310679612,12778.441632166505,20.03374177924674,258,206
fuzzy_sd_T2,53,256,0.9013452914798207,14660.674198064953,17.46167990240102,279,223
fuzzy_sd_T2,54,256,0.7894736842105263,16020.798537880182,15.979228463219478,309,247
fuzzy_sd_T2,55,256,0.7698412698412699,15010.485611390322,17.054744704977498,315,252
fuzzy_sd_T2,56,256,0.8270042194092827,14400.644527282566,17.776982100696834,297,237
fuzzy_sd_T2,57,256,0.7991803278688525,15531.041158363223,16.48311902529136,305,244
fuzzy_sd_T2,58,256,0.9223744292237442,13982.892471831292,18.30808614996612,274,219
fuzzy_sd_T2,59,256,0.8810572687224669,13321.013652253896,19.217756747564415,284,227
fuzzy_sd_T2,60,256,0.9485981308411215,12375.570367090404,20.685915267450227,268,214
fuzzy_sd_T2,61,256,0.7918367346938775,15314.27106494084,16.716433901060046,307,245
fuzzy_sd_T2,62,256,0.8132780082987552,14793.336438015103,17.305088752132026,302,241
fuzzy_sd_T2,63,256,0.9530516431924883,13292.270933743566,19.25931251898591,267,213
fuzzy_sd_T2,64,256,0.9398148148148148,14197.686752304435,18.03110636727131,270,216
fuzzy_sd_T2,65,256,0.8571428571428571,13976.702337618917,18.316194608435254,290,231
fuzzy_sd_T2,66,256,0.9054054054054054,13622.846187092364,18.79196142158309,278,222
fuzzy_sd_T2,67,256,0.966824644549763,12801.98688339442,19.996895976519088,264,211
fuzzy_sd_T2,68,256,0.9855769230769231,12282.720142044127,20.84228876335822,260,208
fuzzy_sd_T2,69,256,0.8928571428571429,13631.695721298456,18.779761904457715,280,224
fuzzy_sd_T2,70,256,0.9714285714285714,12599.825959187001,20.317740961599625,263,210
fuzzy_sd_T2,71,256,0.853448275862069,14094.106153119355,18.16362082268986,290,232
fuzzy_sd_T2,72,256,0.9485981308411215,12830.95471188426,19.95174994756144,268,214
fuzzy_sd_T2,73,256,0.9095022624434389,13309.172003995627,19.234855475843627,277,221
fuzzy_sd_T2,74,256,0.782258064516129,17450.940544251353,14.669696418416308,310,248
fuzzy_sd_T2,75,256,0.9013452914798207,13700.537004042417,18.685398968264224,279,223
fuzzy_sd_T2,76,256,0.7105263157894737,17717.629064805806,14.448885856207301,333,266
fuzzy_sd_T2,77,256,0.9054054054054054,13222.894371952862,19.360360356731178,278,222
fuzzy_sd_T2,78,256,0.9398148148148148,12617.173876613379,20.289805189616192,270,216
fuzzy_sd_T2,79,256,0.9351851851851852,12840.976372826844,19.93617872716664,270,216
fuzzy_sd_T2,80,256,0.853448275862069,13315.366799943149,19.225906717124232,290,232
fuzzy_sd_T2,81,256,0.966824644549763,12901.213960256428,19.843093897104215,264,211
fuzzy_sd_T2,82,256,0.9441860465116279,12192.482421174645,20.996544522828724,269,215
fuzzy_sd_T2,83,256,0.9351851851851852,12340.202960185707,20.745201746353406,270,216
fuzzy_sd_T2,84,256,0.7991803278688525,13568.042451050133,18.86786549523113,305,244
fuzzy_sd_T2,85,256,0.7649402390438247,15778.808874078095,16.224291836157832,315,251
fuzzy_sd_T2,86,256,0.8810572687224669,14982.894736807793,17.086150873842588,284,227
fuzzy_sd_T2,87,256,0.8849557522123894,14513.487507589161,17.638765311654872,283,226
fuzzy_sd_T2,88,256,0.926605504587156,12812.295498792082,19.98080671993049,273,218
fuzzy_sd_T2,89,256,0.9223744292237442,13015.868356917053,19.6682997230802,274,219
fuzzy_sd_T2,90,256,0.9807692307692307,13390.209929086268,19.11844559239626,260,208
fuzzy_sd_T2,91,256,0.8347457627118644,13425.59957318008,19.068049706428276,295,236
fuzzy_sd_T2,92,256,0.8771929824561403,13882.972052320838,18.439855604060234,285,228
fuzzy_sd_T2,93,256,0.8132780082987552,15500.959626864642,16.51510655871444,302,241
fuzzy_sd_T2,94,256,0.8771929824561403,13547.47282480821,18.89651326933916,285,228
fuzzy_sd_T2,95,256,1.0,12020.251519978046,21.297391287904393,257,205
fuzzy_sd_T2,96,256,0.9441860465116279,12231.477688997984,20.929605278213266,269,215
fuzzy_sd_T2,97,256,0.9054054054054054,13406.145466957241,19.095719991326014,278,222
fuzzy_sd_T2,98,256,0.75,17067.88798281923,14.9989266544105,320,256
fuzzy_sd_T2,99,256,0.9223744292237442,14064.676092006266,18.201627845912427,274,219
fuzzy_sd_T2.5,0,256,0.8810572687224669,13985.337506048381,18.304885376508437,284,227
fuzzy_sd_T2.5,1,256,0.75390625,14712.88367593661,17.39971616976053,320,256
fuzzy_sd_T2.5,2,256,0.9054054054054054,13476.681079249829,18.995774886605098,278,222
fuzzy_sd_T2.5,3,256,0.8312236286919831,14079.057981725782,18.183034712427546,297,237
fuzzy_sd_T2.5,4,256,0.776,16686.51302019134,15.341731354551419,313,250
fuzzy_sd_T2.5,5,256,0.7959183673469388,15132.80339166522,16.916891958102,307,245
fuzzy_sd_T2.5,6,256,0.9807692307692307,12329.412650782615,20.763357286427613,260,208
fuzzy_sd_T2.5,7,256,0.8242677824267782,14730.922944843769,17.378408736406232,299,239
fuzzy_sd_T2.5,8,256,0.8382978723404255,15719.584789127111,16.28541742254347,294,235
fuzzy_sd_T2.5,9,256,0.6445993031358885,17288.837928324938,14.807241589128775,359,287
fuzzy_sd_T2.5,10,256,0.9308755760368663,13336.131451185793,19.195971555697103,272,217
fuzzy_sd_T2.5,11,256,1.0,12758.860333822668,20.06448799516721,257,205
fuzzy_sd_T2.5,12,256,0.8389830508474576,14479.368222877383,17.680329421798966,295,236
fuzzy_sd_T2.5,13,256,0.7926829268292683,15213.81357870996,16.826813255963877,308,246
fuzzy_sd_T2.5,14,256,0.9441860465116279,12971.741076093167,19.735207363320434,269,215
fuzzy_sd_T2.5,15,256,0.8888888888888888,14748.283290769905,17.357952444554382,282,225
fuzzy_sd_T2.5,16,256,0.8805309734513275,13973.759555723518,18.320051878604485,283,226
fuzzy_sd_T2.5,17,256,0.9622641509433962,12851.44889401272,19.91993292828377,265,212
fuzzy_sd_T2.5,18,256,0.9308755760368663,12213.578508701175,20.960277924903085,272,217
fuzzy_sd_T2.5,19,256,0.8652173913043478,14358.07829676196,17.829684078107668,288,230
fuzzy_sd_T2.5,20,256,0.9223744292237442,13734.295613132417,18.639470651499497,274,219
fuzzy_sd_T2.5,21,256,0.75390625,15244.53943874687,16.792898272107045,320,256
fuzzy_sd_T2.5,22,256,0.9530516431924883,12903.388001024723,19.839750612759204,267,213
fuzzy_sd_T2.5,23,256,0.9351851851851852,12681.355141103268,20.187117003784834,270,216
fuzzy_sd_T2.5,24,256,0.8425531914893617,13716.864136978984,18.66315780659046,294,235
fuzzy_sd_T2.5,25,256,0.9807692307692307,13039.543743245304,19.63258876543224,260,208
fuzzy_sd_T2.5,26,256,0.9714285714285714,13093.246400821954,19.552064641808705,263,210
fuzzy_sd_T2.5,27,256,0.9530516431924883,12935.938991606236,19.78982740766721,267,213
fuzzy_sd_T2.5,28,256,0.8208333333333333,14278.541547246277,17.929002002965177,300,240
fuzzy_sd_T2.5,29,256,0.8454935622317596,14823.242513928562,17.270175520602276,292,233
fuzzy_sd_T2.5,30,256,0.926605504587156,12566.499915905297,20.37162310214822,273,218
fuzzy_sd_T2.5,31,256,0.9760765550239234,12841.402169782668,19.93551768064691,262,209
fuzzy_sd_T2.5,32,256,0.8614718614718615,13893.61678995192,18.425727718727867,289,231
fuzzy_sd_T2.5,33,256,0.9308755760368663,12289.180745836347,20.831331664377583,272,217
fuzzy_sd_T2.5,34,256,0.9485981308411215,12566.185063216835,20.372133524386136,268,214
fuzzy_sd_T2.5,35,256,0.8973214285714286,13494.29713236168,18.970976960783478,280,224
fuzzy_sd_T2.5,36,256,0.9714285714285714,12325.24662418291,20.77037545826563,263,210
fuzzy_sd_T2.5,37,256,0.8888888888888888,13724.787758197635,18.652383155950414,282,225
fuzzy_sd_T2.5,38,256,0.8065843621399177,14186.014612670988,18.045942217720548,304,243
fuzzy_sd_T2.5,39,256,0.8771929824561403,14163.101586978883,18.07513689200383,285,228
fuzzy_sd_T2.5,40,256,0.8849557522123894,13478.811708744615,18.99277217693571,283,226
fuzzy_sd_T2.5,41,256,0.7052238805970149,18696.647447068244,13.692294339119202,335,268
fuzzy_sd_T2.5,42,256,0.8928571428571429,14552.464360371232,17.59152220960804,280,224
fuzzy_sd_T2.5,43,256,0.8577586206896551,14185.192785225809,18.04698771994341,290,232
fuzzy_sd_T2.5,44,256,0.8849557522123894,14189.579554833472,18.041408415994777,283,226
fuzzy_sd_T2.5,45,256,0.926605504587156,14234.839936252683,17.984044860808734,273,218
fuzzy_sd_T2.5,46,256,0.9181818181818182,14339.40134011209,17.85290710037403,275,220
fuzzy_sd_T2.5,47,256,0.9855769230769231,12410.070586949587,20.62840805024987,260,208
fuzzy_sd_T2.5,48,256,0.9223744292237442,12560.436451807618,20.38145736274619,274,219
fuzzy_sd_T2.5,49,256,0.9575471698113207,12486.393047031015,20.50231792606201,265,212
fuzzy_sd_T2.5,50,256,0.8771929824561403,13344.251496717334,19.184290708472904,285,228
fuzzy_sd_T2.5,51,256,0.868995633187773,13852.939293254167,18.479832660831907,287,229
fuzzy_sd_T2.5,52,256,0.9951456310679612,12747.42875713855,20.082481328373003,258,206
fuzzy_sd_T2.5,53,256,0.9013452914798207,14611.079692840576,17.520950222825757,279,223
fuzzy_sd_T2.5,54,256,0.8973214285714286,14100.749601144344,18.155063187507732,280,224
fuzzy_sd_T2.5,55,256,0.8849557522123894,13642.307614907622,18.765153757437353,283,226
fuzzy_sd_T2.5,56,256,0.8652173913043478,13689.848604146391,18.69998766257083,288,230
fuzzy_sd_T2.5,57,256,0.9095022624434389,13935.019810218364,18.37098213612001,277,221
fuzzy_sd_T2.5,58,256,0.8973214285714286,14193.815249949694,18.036024528423205,280,224
fuzzy_sd_T2.5,59,256,0.8810572687224669,13327.317686751485,19.20866644114639,284,227
fuzzy_sd_T2.5,60,256,0.9485981308411215,12375.182290095836,20.686563963173548,268,214
fuzzy_sd_T2.5,61,256,0.7959183673469388,15340.528112836182,16.687821834881426,307,245
fuzzy_sd_T2.5,62,256,0.8728070175438597,13970.924869179726,18.323768998625393,285,228
fuzzy_sd_T2.5,63,256,0.9223744292237442,13761.551578063518,18.602553538227085,274,219
fuzzy_sd_T2.5,64,256,0.9398148148148148,14080.261985771358,18.181479880040428,270,216
fuzzy_sd_T2.5,65,256,0.8844444444444445,13697.040492203087,18.690168883250774,282,225
fuzzy_sd_T2.5,66,256,0.8312236286919831,14628.895520232618,17.49961230127982,297,237
fuzzy_sd_T2.5,67,256,0.9807692307692307,12645.998571999371,20.24355756032049,260,208
fuzzy_sd_T2.5,68,256,0.9855769230769231,12010.08600834757,21.31541770992048,260,208
fuzzy_sd_T2.5,69,256,0.9136363636363637,13274.922044947743,19.28448235953522,275,220
fuzzy_sd_T2.5,70,256,0.9136363636363637,13197.252159006894,19.39797746648983,275,220
fuzzy_sd_T2.5,71,256,0.853448275862069,14125.64476300031,18.123066542813525,290,232
fuzzy_sd_T2.5,72,256,0.9622641509433962,12771.777707152069,20.044194776162016,265,212
fuzzy_sd_T2.5,73,256,0.9351851851851852,12588.053497020155,20.33674229781438,270,216
fuzzy_sd_T2.5,74,256,0.7886178861788617,17243.676462676376,14.846021992705984,308,246
fuzzy_sd_T2.5,75,256,0.9441860465116279,13458.382192999125,19.021602769846133,269,215
fuzzy_sd_T2.5,76,256,0.8425531914893617,15105.763693805784,16.947173621216812,294,235
fuzzy_sd_T2.5,77,256,0.9054054054054054,13273.44351587817,19.286630458310505,278,222
fuzzy_sd_T2.5,78,256,0.9398148148148148,12808.880258817226,19.98613421526661,270,216
fuzzy_sd_T2.5,79,256,0.8928571428571429,13633.194481953979,18.777697357641507,280,224
fuzzy_sd_T2.5,80,256,0.853448275862069,13212.214604951441,19.37600982533699,290,232
fuzzy_sd_T2.5,81,256,0.9398148148148148,13144.92573728785,19.475195609041126,270,216
fuzzy_sd_T2.5,82,256,0.9398148148148148,12313.44973994419,20.790274489004435,270,216
fuzzy_sd_T2.5,83,256,0.9351851851851852,12387.097857892513,20.66666485862046,270,216
fuzzy_sd_T2.5,84,256,0.8973214285714286,12774.073439184576,20.040592471835794,280,224
fuzzy_sd_T2.5,85,256,0.8571428571428571,14748.141227755696,17.35811964684833,290,231
fuzzy_sd_T2.5,86,256,0.8810572687224669,14788.250770419836,17.311039958293335,284,227
fuzzy_sd_T2.5,87,256,0.8849557522123894,14269.30692512542,17.94060505834623,283,226
fuzzy_sd_T2.5,88,256,0.926605504587156,12886.105119250715,19.86635974415251,273,218
fuzzy_sd_T2.5,89,256,0.9223744292237442,13011.557037010789,19.674816724225973,274,219
fuzzy_sd_T2.5,90,256,0.9807692307692307,13339.223586022854,19.19152178154077,260,208
fuzzy_sd_T2.5,91,256,0.8242677824267782,13638.44489492476,18.770468478797362,299,239
fuzzy_sd_T2.5,92,256,0.9054054054054054,13463.435058947653,19.014463907549743,278,222
fuzzy_sd_T2.5,93,256,0.8766519823788547,14805.905625224113,17.2903979317459,285,227
fuzzy_sd_T2.5,94,256,0.926605504587156,13062.069576233625,19.598731924211368,273,218
fuzzy_sd_T2.5,95,256,1.0,12128.55639634654,21.1072110838446,257,205
fuzzy_sd_T2.5,96,256,0.9441860465116279,12389.172468800098,20.663204152229696,269,215
fuzzy_sd_T2.5,97,256,0.9054054054054054,13388.731802348047,19.12055628413619,278,222
fuzzy_sd_T2.5,98,256,0.8728070175438597,15019.030266907066,17.045041886896684,285,228
fuzzy_sd_T2.5,99,256,0.9223744292237442,14112.802342977375,18.139558237870972,274,219
fuzzy_sd_T3,0,256,0.8888888888888888,13895.304088946432,18.42349029292891,282,225
fuzzy_sd_T3,1,256,0.6094276094276094,16751.753406133503,15.281982356919599,372,297
fuzzy_sd_T3,2,256,0.9054054054054054,13419.37414277345,19.076895634351185,278,222
fuzzy_sd_T3,3,256,0.853448275862069,13763.652199413627,18.59971439927161,290,232
fuzzy_sd_T3,4,256,0.7791164658634538,16452.20889383927,15.560220615473847,312,249
fuzzy_sd_T3,5,256,0.9095022624434389,13346.175188664347,19.181525521816553,277,221
fuzzy_sd_T3,6,256,0.9807692307692307,12101.184270810336,21.1549542814174,260,208
fuzzy_sd_T3,7,256,0.8973214285714286,13900.684420019388,18.41635938668716,280,224
fuzzy_sd_T3,8,256,0.8728070175438597,15253.173063974828,16.783393129172882,285,228
fuzzy_sd_T3,9,256,0.5901639344262295,19073.223819956183,13.421957526244146,382,305
fuzzy_sd_T3,10,256,0.9485981308411215,13143.3484419249,19.47753277113208,268,214
fuzzy_sd_T3,11,256,1.0,12744.343881960958,20.087342461180477,257,205
fuzzy_sd_T3,12,256,0.9013452914798207,13836.201311089098,18.502188154405314,279,223
fuzzy_sd_T3,13,256,0.9485981308411215,13013.972050044686,19.671165653004532,268,214
fuzzy_sd_T3,14,256,0.9441860465116279,13223.212831187993,19.359894094437,269,215
fuzzy_sd_T3,15,256,0.853448275862069,14860.850614961237,17.226470182148976,290,232
fuzzy_sd_T3,16,256,0.8805309734513275,13867.933209054172,18.459852390467336,283,226
fuzzy_sd_T3,17,256,0.9622641509433962,13034.840431064367,19.639672718194998,265,212
fuzzy_sd_T3,18,256,0.9485981308411215,12093.889815732837,21.16771393658406,268,214
fuzzy_sd_T3,19,256,0.8652173913043478,14471.397953573614,17.69006704267866,288,230
fuzzy_sd_T3,20,256,0.9223744292237442,13540.072453208268,18.90684122146937,274,219
fuzzy_sd_T3,21,256,0.853448275862069,13777.691702824086,18.58076124228606,290,232
fuzzy_sd_T3,22,256,0.9530516431924883,12882.654650136828,19.871680717396316,267,213
fuzzy_sd_T3,23,256,0.9441860465116279,12506.543216761202,20.46928520239791,269,215
fuzzy_sd_T3,24,256,0.8577586206896551,13462.519749999046,19.015756689977604,290,232
fuzzy_sd_T3,25,256,0.9807692307692307,13015.9926218912,19.668111947869534,260,208
fuzzy_sd_T3,26,256,0.9714285714285714,13325.721252243966,19.2109676582715,263,210
fuzzy_sd_T3,27,256,0.9530516431924883,12979.201230220497,19.7238640082053,267,213
fuzzy_sd_T3,28,256,0.8208333333333333,14385.73707593605,17.79540378422651,300,240
fuzzy_sd_T3,29,256,0.8454935622317596,14621.971410233527,17.507899093608707,292,233
fuzzy_sd_T3,30,256,0.926605504587156,12655.58314602822,20.228226312933042,273,218
fuzzy_sd_T3,31,256,0.9760765550239234,12875.040468294173,19.883432648652303,262,209
fuzzy_sd_T3,32,256,0.8614718614718615,13797.05288913101,18.55468715363632,289,231
fuzzy_sd_T3,33,256,0.9485981308411215,12230.989130679518,20.930441296678463,268,214
fuzzy_sd_T3,34,256,0.8849557522123894,13595.305854920298,18.830028741674145,283,226
fuzzy_sd_T3,35,256,0.8973214285714286,13621.423539239913,18.793924090424767,280,224
fuzzy_sd_T3,36,256,0.9760765550239234,12478.654044214636,20.515033039054956,262,209
fuzzy_sd_T3,37,256,0.8888888888888888,13659.72235891968,18.741230112399336,282,225
fuzzy_sd_T3,38,256,0.9054054054054054,12887.729970738292,19.863855045167018,278,222
fuzzy_sd_T3,39,256,0.8312236286919831,15003.308210987598,17.062903487680117,297,237
fuzzy_sd_T3,40,256,0.9095022624434389,13065.34107401967,19.593824497169386,277,221
fuzzy_sd_T3,41,256,0.7729083665338645,17247.52947129309,14.842705468402775,314,251
fuzzy_sd_T3,42,256,0.8928571428571429,14549.624679610133,17.59495558388931,280,224
fuzzy_sd_T3,43,256,0.8577586206896551,14167.532080318779,18.06948440622411,290,232
fuzzy_sd_T3,44,256,0.9054054054054054,14121.465445961803,18.128430153345462,278,222
fuzzy_sd_T3,45,256,0.926605504587156,14381.094437092543,17.80114866221239,273,218
fuzzy_sd_T3,46,256,0.9181818181818182,14451.159484218806,17.71484151701193,275,220
fuzzy_sd_T3,47,256,0.9855769230769231,12463.515886105597,20.53995055162487,260,208
fuzzy_sd_T3,48,256,0.926605504587156,12484.206582885236,20.505908669514792,273,218
fuzzy_sd_T3,49,256,0.9760765550239234,12253.35894105956,20.892230549304667,262,209
fuzzy_sd_T3,50,256,0.8771929824561403,13365.585833787918,19.15366847241648,285,228
fuzzy_sd_T3,51,256,0.8571428571428571,14163.60500222072,18.07449444967306,290,231
fuzzy_sd_T3,52,256,0.9951456310679612,13060.856103897095,19.600552824681593,258,206
fuzzy_sd_T3,53,256,0.9223744292237442,14439.251028932631,17.729451443640695,274,219
fuzzy_sd_T3,54,256,0.8973214285714286,14496.549136005342,17.659375179446545,280,224
fuzzy_sd_T3,55,256,0.7470817120622568,16278.482326772064,15.72628177867509,322,257
fuzzy_sd_T3,56,256,0.868995633187773,13741.003277245909,18.630371802903007,287,229
fuzzy_sd_T3,57,256,0.9095022624434389,13988.217988982797,18.301115996449806,277,221
fuzzy_sd_T3,58,256,0.9013452914798207,14197.444483172148,18.031414055073782,279,223
fuzzy_sd_T3,59,256,0.8810572687224669,13160.800208803266,19.451704754910075,284,227
fuzzy_sd_T3,60,256,0.9485981308411215,12493.716617114842,20.49029987196218,268,214
fuzzy_sd_T3,61,256,0.9095022624434389,13650.373672600836,18.754065356748857,277,221
fuzzy_sd_T3,62,256,0.8577586206896551,14278.600936289877,17.928927430793408,290,232
fuzzy_sd_T3,63,256,0.9622641509433962,13209.119975101203,19.380549232844608,265,212
fuzzy_sd_T3,64,256,0.9622641509433962,13862.158711068332,18.467542129321828,265,212
fuzzy_sd_T3,65,256,0.8844444444444445,13891.455702949315,18.428594200221095,282,225
fuzzy_sd_T3,66,256,0.9054054054054054,13611.957838758826,18.806993309299198,278,222
fuzzy_sd_T3,67,256,0.9855769230769231,12496.864198707044,20.4851389860255,260,208
fuzzy_sd_T3,68,256,0.9855769230769231,12129.864424001426,21.104934981255973,260,208
fuzzy_sd_T3,69,256,0.9136363636363637,13283.500844147056,19.272027984459992,275,220
fuzzy_sd_T3,70,256,0.9136363636363637,13212.787283118814,19.375170016327733,275,220
fuzzy_sd_T3,71,256,0.9714285714285714,12433.550101704895,20.589453366572844,263,210
fuzzy_sd_T3,72,256,0.9622641509433962,12606.268249917775,20.307357810006128,265,212
fuzzy_sd_T3,73,256,0.9351851851851852,12697.705295868218,20.16112313484716,270,216
fuzzy_sd_T3,74,256,0.7886178861788617,17349.64135987684,14.755348234000454,308,246
fuzzy_sd_T3,75,256,0.9441860465116279,13250.307848211378,19.320305832332547,269,215
fuzzy_sd_T3,76,256,0.8425531914893617,15046.00124573335,17.014487491990263,294,235
fuzzy_sd_T3,77,256,0.9054054054054054,13068.092335946858,19.589699354649635,278,222
fuzzy_sd_T3,78,256,0.9903381642512077,12131.60958699882,21.101898982501844,259,207
fuzzy_sd_T3,79,256,0.8928571428571429,13576.979422010481,18.855445828030245,280,224
fuzzy_sd_T3,80,256,0.8728070175438597,13071.290879976004,19.58490575649021,285,228
fuzzy_sd_T3,81,256,0.9855769230769231,12719.51520210132,20.126553247698283,260,208
fuzzy_sd_T3,82,256,0.966824644549763,12022.011197172105,21.294273961433174,264,211
fuzzy_sd_T3,83,256,0.9351851851851852,12444.676958024502,20.571044219426494,270,216
fuzzy_sd_T3,84,256,0.9181818181818182,12471.114562358707,20.52743551668423,275,220
fuzzy_sd_T3,85,256,0.8571428571428571,14756.328145973384,17.348489235776157,290,231
fuzzy_sd_T3,86,256,0.8810572687224669,14901.118339970708,17.179918591298378,284,227
fuzzy_sd_T3,87,256,0.8849557522123894,14337.160089984536,17.855697948077815,283,226
fuzzy_sd_T3,88,256,0.8968609865470852,13247.354545630515,19.324613009956664,279,223
fuzzy_sd_T3,89,256,0.9223744292237442,13017.733154352754,19.665482228324905,274,219
fuzzy_sd_T3,90,256,0.9807692307692307,13409.194401931018,19.091378074370688,260,208
fuzzy_sd_T3,91,256,0.8347457627118644,14097.215604968369,18.15961443547592,295,236
fuzzy_sd_T3,92,256,0.9013452914798207,13363.249638583511,19.157016962465104,279,223
fuzzy_sd_T3,93,256,0.8928571428571429,14556.136982049793,17.58708373764906,280,224
fuzzy_sd_T3,94,256,0.926605504587156,13402.332707308233,19.10115243299432,273,218
fuzzy_sd_T3,95,256,1.0,12214.47086520493,20.95874662317637,257,205
fuzzy_sd_T3,96,256,1.0,11730.149885173887,21.8241030597202,257,205
fuzzy_sd_T3,97,256,0.9054054054054054,13566.682890988886,18.869756303513036,278,222
fuzzy_sd_T3,98,256,0.9095022624434389,14574.142795987427,17.565355546707163,277,221
fuzzy_sd_T3,99,256,0.9223744292237442,14167.684911284596,18.06928948540459,274,219
fuzzy_sd_T3.5,0,256,0.868995633187773,14332.235371228307,17.86183336856965,287,229
fuzzy_sd_T3.5,1,256,0.7470817120622568,14547.300485428423,17.597766696056578,322,257
fuzzy_sd_T3.5,2,256,0.9054054054054054,13466.527873184532,19.010096916649513,278,222
fuzzy_sd_T3.5,3,256,0.853448275862069,13595.377151854336,18.829929993158224,290,232
fuzzy_sd_T3.5,4,256,0.868995633187773,15512.609395198524,16.50270392802112,287,229
fuzzy_sd_T3.5,5,256,0.9095022624434389,13473.454509861767,19.00032391934995,277,221
fuzzy_sd_T3.5,6,256,0.9807692307692307,12222.064611967653,20.945724648626783,260,208
fuzzy_sd_T3.5,7,256,0.8973214285714286,13986.176816746593,18.303786900039327,280,224
fuzzy_sd_T3.5,8,256,0.8728070175438597,15319.979947060347,16.71020464025622,285,228
fuzzy_sd_T3.5,9,256,0.7052238805970149,16131.884248927236,15.869193954638245,336,268
fuzzy_sd_T3.5,10,256,0.9485981308411215,13166.939105838537,19.442635675780064,268,214
fuzzy_sd_T3.5,11,256,1.0,12803.56115475297,19.994437243342023,257,205
fuzzy_sd_T3.5,12,256,0.9136363636363637,13512.820742093027,18.944971215561885,275,220
fuzzy_sd_T3.5,13,256,0.9485981308411215,13071.246135048568,19.584972798697038,268,214
fuzzy_sd_T3.5,14,256,0.9622641509433962,12996.495433151722,19.697617816799294,265,212
fuzzy_sd_T3.5,15,256,0.853448275862069,14822.754272259772,17.27074437704836,290,232
fuzzy_sd_T3.5,16,256,0.8805309734513275,13733.647151850164,18.640350750930157,283,226
fuzzy_sd_T3.5,17,256,0.9714285714285714,12925.163716077805,19.806325523100167,263,210
fuzzy_sd_T3.5,18,256,0.9485981308411215,12108.755126129836,21.14172739752331,268,214
fuzzy_sd_T3.5,19,256,0.8968609865470852,13821.63408305496,18.521688424225523,280,223
fuzzy_sd_T3.5,20,256,0.9223744292237442,13713.874007109553,18.66722706270193,274,219
fuzzy_sd_T3.5,21,256,0.8099173553719008,14411.465543787926,17.76363404694459,303,242
fuzzy_sd_T3.5,22,256,0.9530516431924883,12907.682402059436,19.83314990452158,267,213
fuzzy_sd_T3.5,23,256,0.9441860465116279,12522.863609716296,20.442608653932282,269,215
fuzzy_sd_T3.5,24,256,0.8577586206896551,13392.351028043777,19.115389035422705,290,232
fuzzy_sd_T3.5,25,256,0.9807692307692307,12982.567237690091,19.71875017575865,260,208
fuzzy_sd_T3.5,26,256,0.9714285714285714,13173.967517912388,19.432262881468453,263,210
fuzzy_sd_T3.5,27,256,0.9530516431924883,12994.420431088656,19.700763212765516,267,213
fuzzy_sd_T3.5,28,256,0.7983539094650206,14850.018557161093,17.239035696460437,305,243
fuzzy_sd_T3.5,29,256,0.8454935622317596,14627.325045876205,17.5014911610358,292,233
fuzzy_sd_T3.5,30,256,0.9530516431924883,12366.06720695272,20.70181212148565,267,213
fuzzy_sd_T3.5,31,256,0.9760765550239234,12943.312903866172,19.778552979549207,262,209
fuzzy_sd_T3.5,32,256,0.8614718614718615,13760.341364890337,18.604189620846675,289,231
fuzzy_sd_T3.5,33,256,0.9441860465116279,12145.10119240731,21.078457556207287,269,215
fuzzy_sd_T3.5,34,256,0.9013452914798207,13098.624982871115,19.544036136217926,279,223
fuzzy_sd_T3.5,35,256,0.9441860465116279,13114.583782851696,19.520253500895638,269,215
fuzzy_sd_T3.5,36,256,0.9760765550239234,12348.075177986175,20.731976142839663,262,209
fuzzy_sd_T3.5,37,256,0.8497854077253219,14448.338340967894,17.718300468789447,292,233
fuzzy_sd_T3.5,38,256,0.8928571428571429,13018.21656478569,19.664751982424434,280,224
fuzzy_sd_T3.5,39,256,0.8312236286919831,14725.439671892673,17.384879888418034,297,237
fuzzy_sd_T3.5,40,256,0.9095022624434389,13322.042094077915,19.216273165343054,277,221
fuzzy_sd_T3.5,41,256,0.868995633187773,15717.584502417594,16.287489974087524,287,229
fuzzy_sd_T3.5,42,256,0.8928571428571429,14559.865543153137,17.582579951803574,280,224
fuzzy_sd_T3.5,43,256,0.8728070175438597,13794.476317241788,18.558152851371695,285,228
fuzzy_sd_T3.5,44,256,0.9308755760368663,13778.490253258497,18.579684369951792,272,217
fuzzy_sd_T3.5,45,256,0.926605504587156,14270.662509836257,17.938900862069183,273,218
fuzzy_sd_T3.5,46,256,0.926605504587156,14271.90818078816,17.937335131164115,273,218
fuzzy_sd_T3.5,47,256,0.8928571428571429,13261.449508368969,19.304073799658536,280,224
fuzzy_sd_T3.5,48,256,0.926605504587156,12490.591973997653,20.49542571984812,273,218
fuzzy_sd_T3.5,49,256,0.9485981308411215,12617.662489879876,20.289019476097682,268,214
fuzzy_sd_T3.5,50,256,0.8771929824561403,13391.186536289752,19.11705130133517,285,228
fuzzy_sd_T3.5,51,256,0.8571428571428571,14155.151907820255,18.085288075119028,290,231
fuzzy_sd_T3.5,52,256,0.9951456310679612,12687.093901913613,20.177985753016863,258,206
fuzzy_sd_T3.5,53,256,0.9441860465116279,14310.18666177988,17.889354349495193,269,215
fuzzy_sd_T3.5,54,256,0.8973214285714286,14157.366684637964,18.08245881473024,280,224
fuzzy_sd_T3.5,55,256,0.776,15684.853320941329,16.32147873886755,313,250
fuzzy_sd_T3.5,56,256,0.8810572687224669,13599.648733623326,18.82401560615856,284,227
fuzzy_sd_T3.5,57,256,0.9136363636363637,13830.278316047043,18.5101119550839,275,220
fuzzy_sd_T3.5,58,256,0.9013452914798207,14238.968875259161,17.978829944969636,279,223
fuzzy_sd_T3.5,59,256,0.8810572687224669,13242.440309841186,19.331784324506437,284,227
fuzzy_sd_T3.5,60,256,0.9485981308411215,12325.47665387392,20.769987821893988,268,214
fuzzy_sd_T3.5,61,256,0.9095022624434389,13663.051828276366,18.73666317141499,277,221
fuzzy_sd_T3.5,62,256,0.8810572687224669,14332.298431079835,17.86175477932134,284,227
fuzzy_sd_T3.5,63,256,0.966824644549763,13277.44218101725,19.28082205215723,264,211
fuzzy_sd_T3.5,64,256,0.9622641509433962,13698.635959997773,18.687992056111376,265,212
fuzzy_sd_T3.5,65,256,0.8844444444444445,13631.498530972749,18.78003356845403,282,225
fuzzy_sd_T3.5,66,256,0.9054054054054054,13825.599864125252,18.51637560148622,278,222
fuzzy_sd_T3.5,67,256,0.9855769230769231,12589.64761113748,20.334167238607108,260,208
fuzzy_sd_T3.5,68,256,0.9855769230769231,12033.408943098038,21.274104554290332,260,208
fuzzy_sd_T3.5,69,256,0.9136363636363637,13172.79550479725,19.433991813413506,275,220
fuzzy_sd_T3.5,70,256,0.9136363636363637,13153.219886124134,19.462914952867532,275,220
fuzzy_sd_T3.5,71,256,0.9714285714285714,12474.563953932375,20.52175939338551,263,210
fuzzy_sd_T3.5,72,256,0.9530516431924883,12892.492439132184,19.85651736532892,267,213
fuzzy_sd_T3.5,73,256,0.9398148148148148,12610.748384147882,20.300143354045527,270,216
fuzzy_sd_T3.5,74,256,0.853448275862069,16251.149121671915,15.752732196556373,290,232
fuzzy_sd_T3.5,75,256,0.8973214285714286,13891.335249878466,18.42875399628986,280,224
fuzzy_sd_T3.5,76,256,0.8614718614718615,14928.56091586873,17.148337434713998,289,231
fuzzy_sd_T3.5,77,256,0.9223744292237442,12991.15836294368,19.70571005663522,274,219
fuzzy_sd_T3.5,78,256,0.9903381642512077,12385.23857621476,20.669767354472715,259,207
fuzzy_sd_T3.5,79,256,0.8928571428571429,13641.920688096434,18.765685994889164,280,224
fuzzy_sd_T3.5,80,256,0.8810572687224669,13070.008589886129,19.586827218927663,284,227
fuzzy_sd_T3.5,81,256,0.9855769230769231,12679.562245029956,20.18997147163697,260,208
fuzzy_sd_T3.5,82,256,0.966824644549763,11922.108225058764,21.47271230619433,264,211
fuzzy_sd_T3.5,83,256,0.9351851851851852,12223.305602092296,20.943598101333553,270,216
fuzzy_sd_T3.5,84,256,0.9181818181818182,12497.856366913766,20.48351273084897,275,220
fuzzy_sd_T3.5,85,256,0.8571428571428571,14749.72400907427,17.356256960639033,290,231
fuzzy_sd_T3.5,86,256,0.8810572687224669,14907.238866668195,17.172864961089648,284,227
fuzzy_sd_T3.5,87,256,0.8849557522123894,14287.224777042866,17.918105439997582,283,226
fuzzy_sd_T3.5,88,256,0.8968609865470852,13268.674510065466,19.293562428244154,279,223
fuzzy_sd_T3.5,89,256,0.9223744292237442,13056.83316104114,19.606591954000795,274,219
fuzzy_sd_T3.5,90,256,0.9807692307692307,13385.24769898504,19.12553325549677,260,208
fuzzy_sd_T3.5,91,256,0.8461538461538461,13383.652091957629,19.1278134130394,293,234
fuzzy_sd_T3.5,92,256,0.9575471698113207,12688.583296258003,20.17561724763214,265,212
fuzzy_sd_T3.5,93,256,0.926605504587156,14096.824855078012,18.16011780183129,273,218
fuzzy_sd_T3.5,94,256,0.926605504587156,13021.696113981307,19.659497331160612,273,218
fuzzy_sd_T3.5,95,256,1.0,12064.357975963503,21.21952950252663,257,205
fuzzy_sd_T3.5,96,256,1.0,11797.84721089527,21.698873991484216,257,205
fuzzy_sd_T3.5,97,256,0.8849557522123894,13962.187096010894,18.335236323623054,283,226
fuzzy_sd_T3.5,98,256,0.9095022624434389,14521.17767278105,17.629424125830678,277,221
fuzzy_sd_T3.5,99,256,0.9622641509433962,13512.955134734511,18.944782798986893,265,212
fuzzy_sd_T4,0,256,0.9181818181818182,13553.859889972955,18.887608554179234,275,220
fuzzy_sd_T4,1,256,0.8577586206896551,12941.203048918396,19.78177755439793,290,232
fuzzy_sd_T4,2,256,0.9054054054054054,13523.229061160237,18.93038998616476,278,222
fuzzy_sd_T4,3,256,0.8652173913043478,13522.291818633676,18.9317020689668,288,230
fuzzy_sd_T4,4,256,0.868995633187773,15401.523393113166,16.62173237450466,287,229
fuzzy_sd_T4,5,256,0.9136363636363637,13305.352037772536,19.24037780234917,275,220
fuzzy_sd_T4,6,256,0.9807692307692307,12191.6907960549,20.99790786056015,260,208
fuzzy_sd_T4,7,256,0.8973214285714286,13901.560043916106,18.415199387067073,280,224
fuzzy_sd_T4,8,256,0.8728070175438597,15253.691027872264,16.782823221751688,285,228
fuzzy_sd_T4,9,256,0.7052238805970149,16148.856022860855,15.852516093870546,336,268
fuzzy_sd_T4,10,256,0.9485981308411215,13032.580244820565,19.64307874503516,268,214
fuzzy_sd_T4,11,256,1.0,12769.01019597426,20.048539085724137,257,205
fuzzy_sd_T4,12,256,0.9223744292237442,13665.493892971426,18.733314873578664,274,219
fuzzy_sd_T4,13,256,0.8608695652173913,14131.318863015622,18.115789650037634,288,230
fuzzy_sd_T4,14,256,0.9622641509433962,12774.396064225584,20.040086334642652,265,212
fuzzy_sd_T4,15,256,0.853448275862069,14896.289501804858,17.1854876994021,290,232
fuzzy_sd_T4,16,256,0.8805309734513275,13897.241473197937,18.420921914159635,283,226
fuzzy_sd_T4,17,256,0.9714285714285714,12911.847956012934,19.826751435744953,263,210
fuzzy_sd_T4,18,256,0.9485981308411215,12216.629390139133,20.955043475955396,268,214
fuzzy_sd_T4,19,256,0.8968609865470852,13826.83345908299,18.5147236174911,280,223
fuzzy_sd_T4,20,256,0.9223744292237442,13589.89757206291,18.83752240533921,274,219
fuzzy_sd_T4,21,256,0.7791164658634538,14939.994458574802,17.135213852309626,312,249
fuzzy_sd_T4,22,256,0.9530516431924883,12874.85528178513,19.883718643593557,267,213
fuzzy_sd_T4,23,256,0.926605504587156,12931.730708107352,19.79626747404388,273,218
fuzzy_sd_T4,24,256,0.8577586206896551,13526.426376309246,18.92591530667473,290,232
fuzzy_sd_T4,25,256,0.9351851851851852,13473.712720908225,18.999959795991835,270,216
fuzzy_sd_T4,26,256,0.9714285714285714,13073.238129261881,19.581988599059798,263,210
fuzzy_sd_T4,27,256,0.9530516431924883,12981.279256287962,19.72070663806088,267,213
fuzzy_sd_T4,28,256,0.8242677824267782,14477.807492017746,17.682235389657176,299,239
fuzzy_sd_T4,29,256,0.8454935622317596,14617.001818027347,17.513851553625155,292,233
fuzzy_sd_T4,30,256,0.9530516431924883,12411.349376197904,20.626282625719067,267,213
fuzzy_sd_T4,31,256,0.9807692307692307,12761.207710020244,20.060797208009234,260,208
fuzzy_sd_T4,32,256,0.8614718614718615,13734.48894964531,18.639208268947723,289,231
fuzzy_sd_T4,33,256,1.0,11836.029558908194,21.628874676755583,257,205
fuzzy_sd_T4,34,256,0.9013452914798207,13065.26458170265,19.59393921180266,279,223
fuzzy_sd_T4,35,256,0.9441860465116279,13011.038278695196,19.675601171597876,269,215
fuzzy_sd_T4,36,256,0.9760765550239234,12280.462621711195,20.846120206205086,262,209
fuzzy_sd_T4,37,256,0.7862903225806451,15252.019139938056,16.784662912574845,310,248
fuzzy_sd_T4,38,256,0.8928571428571429,13027.011716738343,19.651475377969213,280,224
fuzzy_sd_T4,39,256,0.8312236286919831,14766.402707900852,17.336653013196347,297,237
fuzzy_sd_T4,40,256,0.9714285714285714,12337.481695227325,20.749777493005883,263,210
fuzzy_sd_T4,41,256,0.9013452914798207,15280.359029304236,16.753533049128656,279,223
fuzzy_sd_T4,42,256,0.8928571428571429,14524.20668816194,17.625747519047266,280,224
fuzzy_sd_T4,43,256,0.8728070175438597,13979.712780099362,18.312250332097342,285,228
fuzzy_sd_T4,44,256,0.9308755760368663,13737.440414726734,18.635203667603488,272,217
fuzzy_sd_T4,45,256,0.926605504587156,14248.233072925359,17.967140114127826,273,218
fuzzy_sd_T4,46,256,0.926605504587156,14236.568453721702,17.981861347569108,273,218
fuzzy_sd_T4,47,256,0.8928571428571429,13298.912581056356,19.24969417158658,280,224
fuzzy_sd_T4,48,256,0.9054054054054054,12893.556633964181,19.854878468959086,278,222
fuzzy_sd_T4,49,256,0.9714285714285714,12338.13581103459,20.748677427512742,263,210
fuzzy_sd_T4,50,256,0.8771929824561403,13394.267315045,19.11265424070267,285,228
fuzzy_sd_T4,51,256,0.8571428571428571,14106.219828128815,18.148022866446304,290,231
fuzzy_sd_T4,52,256,0.9951456310679612,12658.205328974873,20.22403597878217,258,206
fuzzy_sd_T4,53,256,0.9441860465116279,14109.880603384227,18.14331440470155,269,215
fuzzy_sd_T4,54,256,0.8973214285714286,14131.492858286947,18.115566597755258,280,224
fuzzy_sd_T4,55,256,0.776,15695.398853626102,16.31051255131732,313,250
fuzzy_sd_T4,56,256,0.9441860465116279,12852.257343009114,19.91867989939131,269,215
fuzzy_sd_T4,57,256,0.9181818181818182,13950.60114795342,18.35046370296062,275,220
fuzzy_sd_T4,58,256,0.8888888888888888,14513.092835433781,17.63924498401711,282,225
fuzzy_sd_T4,59,256,0.9439252336448598,12215.0345207192,20.957779494259437,268,214
fuzzy_sd_T4,60,256,0.9485981308411215,12352.091059088707,20.725235814355045,268,214
fuzzy_sd_T4,61,256,0.9095022624434389,13630.650495644659,18.78120197431506,277,221
fuzzy_sd_T4,62,256,0.8810572687224669,14089.595252647996,18.169436056148413,284,227
fuzzy_sd_T4,63,256,0.966824644549763,13274.57419410348,19.284987695779677,264,211
fuzzy_sd_T4,64,256,0.9622641509433962,13800.91816559434,18.549490470728788,265,212
fuzzy_sd_T4,65,256,0.8844444444444445,13647.873481269926,18.75750096535767,282,225
fuzzy_sd_T4,66,256,0.9054054054054054,13565.63058309257,18.871220061016835,278,222
fuzzy_sd_T4,67,256,0.9903381642512077,12725.757877342403,20.116680080468576,259,207
fuzzy_sd_T4,68,256,0.9855769230769231,12061.908030882478,21.223839490780005,260,208
fuzzy_sd_T4,69,256,0.8771929824561403,13921.159146819264,18.389273285370884,285,228
fuzzy_sd_T4,70,256,0.9136363636363637,13248.314384371042,19.323212944131345,275,220
fuzzy_sd_T4,71,256,0.9714285714285714,12437.066418118775,20.583632135874886,263,210
fuzzy_sd_T4,72,256,0.9530516431924883,12967.177863232791,19.74215227862832,267,213
fuzzy_sd_T4,73,256,0.926605504587156,13103.60007872805,19.536615774437585,273,218
fuzzy_sd_T4,74,256,0.853448275862069,16288.919989950955,15.716204644502696,290,232
fuzzy_sd_T4,75,256,0.8973214285714286,13794.87754497677,18.557613082489386,280,224
fuzzy_sd_T4,76,256,0.926605504587156,13919.484892860055,18.391485171359623,273,218
fuzzy_sd_T4,77,256,0.9223744292237442,12903.461434878409,19.839637704346913,274,219
fuzzy_sd_T4,78,256,0.9903381642512077,12162.028429098427,21.04912034143118,259,207
fuzzy_sd_T4,79,256,0.9485981308411215,12847.275105770677,19.92640446260944,268,214
fuzzy_sd_T4,80,256,0.9136363636363637,12570.776091888547,20.36469332750165,275,220
fuzzy_sd_T4,81,256,0.9855769230769231,12726.091185119003,20.116153206520192,260,208
fuzzy_sd_T4,82,256,0.966824644549763,11941.435016226023,21.437959479086658,264,211
fuzzy_sd_T4,83,256,0.9351851851851852,12310.065141879022,20.795990683191775,270,216
fuzzy_sd_T4,84,256,0.8928571428571429,12853.603648021817,19.916593588086766,280,224
fuzzy_sd_T4,85,256,0.8571428571428571,14712.756244000047,17.399866874325358,290,231
fuzzy_sd_T4,86,256,0.8810572687224669,14763.650448061526,17.339884935680857,284,227
fuzzy_sd_T4,87,256,0.8771929824561403,14475.903796963394,17.684560742501,285,228
fuzzy_sd_T4,88,256,0.8968609865470852,13278.705483302474,19.27898772375902,279,223
fuzzy_sd_T4,89,256,0.9223744292237442,12988.644219003618,19.709524387883974,274,219
fuzzy_sd_T4,90,256,0.9807692307692307,13363.23798308149,19.157033671338375,260,208
fuzzy_sd_T4,91,256,0.8461538461538461,13300.18565012142,19.247851626617177,293,234
fuzzy_sd_T4,92,256,0.9575471698113207,12749.931174796075,20.078539757615165,265,212
fuzzy_sd_T4,93,256,0.9485981308411215,13682.571819983423,18.709932852397785,268,214
fuzzy_sd_T4,94,256,0.926605504587156,12992.226582020521,19.704089855873455,273,218
fuzzy_sd_T4,95,256,1.0,12012.489965185523,21.311152037748762,257,205
fuzzy_sd_T4,96,256,1.0,11680.500369984657,21.916869302777677,257,205
fuzzy_sd_T4,97,256,0.8849557522123894,13756.626060698181,18.609214124920932,283,226
fuzzy_sd_T4,98,256,0.9095022624434389,14482.290892861784,17.676761355910934,277,221
fuzzy_sd_T4,99,256,0.9622641509433962,13485.145885962993,18.983850984250488,265,212
jointadaspec,0,256,0.9523809523809523,13775.410329923034,18.583838438838747,256,256
jointadaspec,1,256,0.9606986899563319,12474.209999199957,20.52234169670214,256,256
jointadaspec,2,256,0.9475982532751092,13583.431699313223,18.846489286867275,256,256
jointadaspec,3,256,0.961038961038961,12782.058709766716,20.02807261434275,256,256
jointadaspec,4,256,0.9264069264069265,14923.511947039515,17.15413911339982,256,256
jointadaspec,5,256,0.8803418803418803,13501.744288019836,18.960513141042824,256,256
jointadaspec,6,256,0.9912663755458515,12908.689082600176,19.831603221822608,256,256
jointadaspec,7,256,0.9388646288209607,13818.618854042143,18.525729865189557,256,256
jointadaspec,8,256,0.9181034482758621,14712.919337209314,17.399673996211618,256,256
jointadaspec,9,256,0.8088888888888889,13653.805703856051,18.749351320247772,256,256
jointadaspec,10,256,0.9696969696969697,13670.052062254399,18.727068399897647,256,256
jointadaspec,11,256,0.982532751091703,13723.778699990362,18.65375459604138,256,256
jointadaspec,12,256,0.8931623931623932,13748.121400363743,18.62072588282693,256,256
jointadaspec,13,256,0.9736842105263158,13598.798075225204,18.825193122500313,256,256
jointadaspec,14,256,0.920704845814978,13320.141383912414,19.219015220753406,256,256
jointadaspec,15,256,0.9653679653679653,14427.26493999362,17.744180970181393,256,256
jointadaspec,16,256,0.9342105263157895,13378.159822430462,19.13566614526298,256,256
jointadaspec,17,256,0.9912663755458515,13563.877471257001,18.873659139319532,256,256
jointadaspec,18,256,0.9868995633187773,12497.706021182239,20.483759144766896,256,256
jointadaspec,19,256,0.9779735682819384,13963.188324123621,18.333921598530576,256,256
jointadaspec,20,256,0.948051948051948,13644.569421187043,18.762043132155405,256,256
jointadaspec,21,256,0.8995633187772926,13258.610434364527,19.30820739226809,256,256
jointadaspec,22,256,0.9694323144104804,13409.131966065615,19.091466968022775,256,256
jointadaspec,23,256,0.9254385964912281,12902.761610690504,19.840713773080388,256,256
jointadaspec,24,256,0.8654708520179372,12903.537444770336,19.839520836493875,256,256
jointadaspec,25,256,0.9304347826086956,13760.77698590234,18.603600673295357,256,256
jointadaspec,26,256,0.974025974025974,13820.70709625259,18.522930716722374,256,256
jointadaspec,27,256,0.9695652173913043,13513.097862713039,18.944582700491345,256,256
jointadaspec,28,256,0.9649122807017544,13246.369337663054,19.326050291540785,256,256
jointadaspec,29,256,0.9695652173913043,13852.776631712914,18.480049654012596,256,256
jointadaspec,30,256,0.9608695652173913,12847.409140318632,19.92619657426516,256,256
jointadaspec,31,256,0.9336283185840708,13691.646239254624,18.69753246078148,256,256
jointadaspec,32,256,0.9429824561403509,12915.722867939621,19.820803110870585,256,256
jointadaspec,33,256,0.9739130434782609,12666.74032015726,20.21040879732993,256,256
jointadaspec,34,256,0.9737991266375546,13017.093821894377,19.66644809530491,256,256
jointadaspec,35,256,0.982532751091703,13269.03554610908,19.29303747136827,256,256
jointadaspec,36,256,0.9737991266375546,13188.080435618758,19.41146789707072,256,256
jointadaspec,37,256,0.9210526315789473,13707.10656279698,18.676443407452606,256,256
jointadaspec,38,256,0.9353448275862069,13017.859324347228,19.665291629108687,256,256
jointadaspec,39,256,0.9063829787234042,13895.004475023597,18.42388755326869,256,256
jointadaspec,40,256,0.961038961038961,13203.440635930747,19.388885598753923,256,256
jointadaspec,41,256,0.9521739130434783,15413.427072577178,16.60889552949991,256,256
jointadaspec,42,256,0.9653679653679653,14286.870170850307,17.91855017499356,256,256
jointadaspec,43,256,0.9737991266375546,13567.086495924741,18.869194950359965,256,256
jointadaspec,44,256,0.9736842105263158,14021.216800902039,18.25804447895924,256,256
jointadaspec,45,256,0.9737991266375546,14457.314655184746,17.70729946091283,256,256
jointadaspec,46,256,0.9344978165938864,14381.277886219323,17.80092158884634,256,256
jointadaspec,47,256,0.9567099567099567,13218.16316107288,19.367290059931538,256,256
jointadaspec,48,256,0.9650655021834061,12750.741655938327,20.07726349633746,256,256
jointadaspec,49,256,0.960352422907489,13014.562100172043,19.670273807876782,256,256
jointadaspec,50,256,0.9912280701754386,12742.20568081364,20.090713210309236,256,256
jointadaspec,51,256,0.9122807017543859,13227.844160050154,19.353115814076038,256,256
jointadaspec,52,256,0.9385964912280702,13588.70736323297,18.839172347817307,256,256
jointadaspec,53,256,0.9781659388646288,14518.565922044218,17.632595490116778,256,256
jointadaspec,54,256,0.9736842105263158,14095.157349016517,18.16226620683041,256,256
jointadaspec,55,256,0.8198198198198198,13310.138050001115,19.233459415545173,256,256
jointadaspec,56,256,0.9251101321585903,13065.036123152822,19.59428183641506,256,256
jointadaspec,57,256,0.9478260869565217,14020.526167936623,18.258943846589965,256,256
jointadaspec,58,256,0.9429824561403509,14171.538282185793,18.064376280294322,256,256
jointadaspec,59,256,0.9649122807017544,12677.570893894881,20.193142845943896,256,256
jointadaspec,60,256,0.9432314410480349,12853.738273959607,19.91638498806456,256,256
jointadaspec,61,256,0.9439655172413793,13627.775988075882,18.785163494321928,256,256
jointadaspec,62,256,0.908695652173913,13841.52342705056,18.495073995951767,256,256
jointadaspec,63,256,0.9353448275862069,13934.619834180921,18.37150945245344,256,256
jointadaspec,64,256,0.9736842105263158,14312.474679667503,17.886494525204444,256,256
jointadaspec,65,256,0.9736842105263158,13167.462279088795,19.44186317560619,256,256
jointadaspec,66,256,0.9737991266375546,13600.558298174292,18.822756712447962,256,256
jointadaspec,67,256,0.9782608695652174,13358.957342803478,19.163172202051246,256,256
jointadaspec,68,256,0.9781659388646288,12744.699280709028,20.086782305447848,256,256
jointadaspec,69,256,0.948051948051948,13276.973692700267,19.281502390921347,256,256
jointadaspec,70,256,0.9695652173913043,13349.401420913637,19.176889804133204,256,256
jointadaspec,71,256,0.9736842105263158,13151.840056292713,19.464956911296426,256,256
jointadaspec,72,256,0.9782608695652174,13261.481649708003,19.304027013123132,256,256
jointadaspec,73,256,0.9653679653679653,13094.325650017709,19.550453138428995,256,256
jointadaspec,74,256,0.974025974025974,15176.376431714743,16.86832170721764,256,256
jointadaspec,75,256,0.935064935064935,13801.614361815155,18.548554776916074,256,256
jointadaspec,76,256,0.9649122807017544,14246.324050240219,17.96954773015172,256,256
jointadaspec,77,256,0.9694323144104804,13021.257826127112,19.660159058239124,256,256
jointadaspec,78,256,0.9606986899563319,13075.284266844392,19.57892423411024,256,256
jointadaspec,79,256,0.9090909090909091,13411.224480252713,19.088488182189916,256,256
jointadaspec,80,256,0.948051948051948,12886.643915902823,19.865529122293974,256,256
jointadaspec,81,256,0.9869565217391304,13575.414644088596,18.85761921176198,256,256
jointadaspec,82,256,0.9782608695652174,12538.7760438025,20.416665797817824,256,256
jointadaspec,83,256,0.9824561403508771,12580.207626800984,20.349425668827227,256,256
jointadaspec,84,256,0.9650655021834061,12306.188348680735,20.802542001353657,256,256
jointadaspec,85,256,0.9344978165938864,14167.268217075616,18.06982094765783,256,256
jointadaspec,86,256,0.8991228070175439,14332.517704926431,17.86148151151466,256,256
jointadaspec,87,256,0.982532751091703,14038.147724699229,18.236024083831534,256,256
jointadaspec,88,256,0.9695652173913043,12904.202484991401,19.838498372739274,256,256
jointadaspec,89,256,0.9388646288209607,13357.395159080625,19.165413387202676,256,256
jointadaspec,90,256,0.973568281938326,14234.940268099308,17.98391810422271,256,256
jointadaspec,91,256,0.9469026548672567,12767.080719117075,20.051569002510703,256,256
jointadaspec,92,256,0.9484978540772532,13535.5179971084,18.913203030330234,256,256
jointadaspec,93,256,0.908695652173913,14166.4704750292,18.070838495110216,256,256
jointadaspec,94,256,0.982532751091703,13264.504357706755,19.299628022004644,256,256
jointadaspec,95,256,0.9739130434782609,12933.097685221583,19.794175087112084,256,256
jointadaspec,96,256,0.9606986899563319,12663.288424257189,20.215917968797005,256,256
jointadaspec,97,256,0.9519650655021834,13529.353275895119,18.92182093109419,256,256
jointadaspec,98,256,0.948051948051948,14526.565996930003,17.622884861714887,256,256
jointadaspec,99,256,0.9606986899563319,14153.479879256338,18.087424589849412,256,256
