acceptance_rate,decoder,git_commit_hash,gsm8k_exact_match,n_draft_calls,n_target_calls,n_tokens_generated,prompt_idx,run,seed,timestamp,tokens_per_sec,total_time_ms
0.0,target_only,64972470bfb9bafcae60202408dbfca9e5f8ed37,0.0,0,64,64,0,1,42,2026-04-28T16:05:08.958864+00:00,15.663247640406885,4085.9980937093496
0.0,target_only,64972470bfb9bafcae60202408dbfca9e5f8ed37,0.0,0,64,64,1,1,42,2026-04-28T16:05:12.142560+00:00,20.105989503214044,3183.1310759298503
0.0,target_only,64972470bfb9bafcae60202408dbfca9e5f8ed37,0.0,0,64,64,2,1,42,2026-04-28T16:05:15.670329+00:00,18.144553466083902,3527.2292657755315
0.0,target_only,64972470bfb9bafcae60202408dbfca9e5f8ed37,0.0,0,64,64,3,1,42,2026-04-28T16:05:18.783046+00:00,20.56409504671181,3112.220589071512
0.0,target_only,64972470bfb9bafcae60202408dbfca9e5f8ed37,0.0,0,64,64,4,1,42,2026-04-28T16:05:22.821122+00:00,15.85160731813547,4037.4454599805176
0.30701754385964913,speculative,64972470bfb9bafcae60202408dbfca9e5f8ed37,0.0,114,143,64,0,1,42,2026-04-28T16:05:33.173927+00:00,6.182626844830529,10351.587052922696
0.38235294117647056,speculative,64972470bfb9bafcae60202408dbfca9e5f8ed37,1.0,102,128,64,1,1,42,2026-04-28T16:05:41.955113+00:00,7.288718056026597,8780.693601816893
0.2440944881889764,speculative,64972470bfb9bafcae60202408dbfca9e5f8ed37,0.0,127,160,64,2,1,42,2026-04-28T16:05:53.475748+00:00,5.555536382117032,11520.039758179337
0.4666666666666667,speculative,64972470bfb9bafcae60202408dbfca9e5f8ed37,0.0,90,113,64,3,1,42,2026-04-28T16:06:00.907043+00:00,8.61297837447752,7430.646777153015
0.2578125,speculative,64972470bfb9bafcae60202408dbfca9e5f8ed37,0.0,128,160,64,4,1,42,2026-04-28T16:06:13.270525+00:00,5.176789626694457,12362.874409649521
0.7777777777777778,adaptive_length,64972470bfb9bafcae60202408dbfca9e5f8ed37,0.0,71,72,64,0,1,42,2026-04-28T16:06:18.650508+00:00,11.898502242748789,5378.828250337392
0.6415094339622641,adaptive_length,64972470bfb9bafcae60202408dbfca9e5f8ed37,0.0,76,84,64,1,1,42,2026-04-28T16:06:24.394095+00:00,11.144183380765073,5742.906215135008
0.484375,adaptive_length,64972470bfb9bafcae60202408dbfca9e5f8ed37,0.0,87,97,64,2,1,42,2026-04-28T16:06:31.685906+00:00,8.77776943160929,7291.146173141897
0.6785714285714286,adaptive_length,64972470bfb9bafcae60202408dbfca9e5f8ed37,0.0,72,83,64,3,1,42,2026-04-28T16:06:37.554214+00:00,10.906974974694014,5867.804789915681
0.7741935483870968,adaptive_length,64972470bfb9bafcae60202408dbfca9e5f8ed37,0.0,69,72,64,4,1,42,2026-04-28T16:06:43.510826+00:00,10.745431081093594,5956.019774079323
0.30701754385964913,fuzzy_sd_T1,64972470bfb9bafcae60202408dbfca9e5f8ed37,0.0,114,143,64,0,1,42,2026-04-28T16:06:54.372285+00:00,5.893047266302847,10860.255672130734
0.38235294117647056,fuzzy_sd_T1,64972470bfb9bafcae60202408dbfca9e5f8ed37,1.0,102,128,64,1,1,42,2026-04-28T16:07:03.712406+00:00,6.852625119600982,9339.486530050635
0.2440944881889764,fuzzy_sd_T1,64972470bfb9bafcae60202408dbfca9e5f8ed37,0.0,127,160,64,2,1,42,2026-04-28T16:07:15.497354+00:00,5.430907120524171,11784.403338097036
0.4666666666666667,fuzzy_sd_T1,64972470bfb9bafcae60202408dbfca9e5f8ed37,0.0,90,113,64,3,1,42,2026-04-28T16:07:23.426361+00:00,8.072161568270156,7928.483524359763
0.2578125,fuzzy_sd_T1,64972470bfb9bafcae60202408dbfca9e5f8ed37,0.0,128,160,64,4,1,42,2026-04-28T16:07:36.187981+00:00,5.01528182941668,12760.997721925378
0.3153153153153153,fuzzy_sd_T1.5,64972470bfb9bafcae60202408dbfca9e5f8ed37,0.0,111,140,64,0,1,42,2026-04-28T16:07:46.207298+00:00,6.3883547601540895,10018.228855915368
0.38235294117647056,fuzzy_sd_T1.5,64972470bfb9bafcae60202408dbfca9e5f8ed37,1.0,102,128,64,1,1,42,2026-04-28T16:07:54.163399+00:00,8.044637362618007,7955.6103171780705
0.2440944881889764,fuzzy_sd_T1.5,64972470bfb9bafcae60202408dbfca9e5f8ed37,0.0,127,160,64,2,1,42,2026-04-28T16:08:05.456219+00:00,5.66759100990902,11292.275657877326
0.4666666666666667,fuzzy_sd_T1.5,64972470bfb9bafcae60202408dbfca9e5f8ed37,0.0,90,113,64,3,1,42,2026-04-28T16:08:12.864064+00:00,8.6400873761691,7407.3324971832335
0.425531914893617,fuzzy_sd_T1.5,64972470bfb9bafcae60202408dbfca9e5f8ed37,0.0,94,118,64,4,1,42,2026-04-28T16:08:22.236835+00:00,6.828756748653715,9372.13058769703
0.24427480916030533,fuzzy_sd_T2,64972470bfb9bafcae60202408dbfca9e5f8ed37,0.0,131,164,64,0,1,42,2026-04-28T16:08:35.023540+00:00,5.005699967085626,12785.424700006843
0.23134328358208955,fuzzy_sd_T2,64972470bfb9bafcae60202408dbfca9e5f8ed37,1.0,134,168,64,1,1,42,2026-04-28T16:08:45.297506+00:00,6.229639519462144,10273.467638064176
0.3157894736842105,fuzzy_sd_T2,64972470bfb9bafcae60202408dbfca9e5f8ed37,0.0,114,143,64,2,1,42,2026-04-28T16:08:55.687934+00:00,6.159821885253424,10389.910811092705
0.3619047619047619,fuzzy_sd_T2,64972470bfb9bafcae60202408dbfca9e5f8ed37,0.0,105,132,64,3,1,42,2026-04-28T16:09:04.643367+00:00,7.146915224387422,8954.912432935089
0.44086021505376344,fuzzy_sd_T2,64972470bfb9bafcae60202408dbfca9e5f8ed37,0.0,93,117,64,4,1,42,2026-04-28T16:09:15.023523+00:00,6.166028291290691,10379.452862776816
0.24427480916030533,fuzzy_sd_T2.5,64972470bfb9bafcae60202408dbfca9e5f8ed37,0.0,131,164,64,0,1,42,2026-04-28T16:08:13.402233+00:00,5.0048242544183275,12787.66181319952
0.0,target_only,64972470bfb9bafcae60202408dbfca9e5f8ed37,0.0,0,64,64,0,1,42,2026-04-28T16:21:56.256571+00:00,16.330979733602454,3918.9320569857955
0.0,target_only,64972470bfb9bafcae60202408dbfca9e5f8ed37,0.0,0,64,64,1,1,42,2026-04-28T16:21:59.321640+00:00,20.884102018856034,3064.5320513285697
0.0,target_only,64972470bfb9bafcae60202408dbfca9e5f8ed37,0.0,0,64,64,2,1,42,2026-04-28T16:22:02.876991+00:00,18.00383956704607,3554.7972843050957
0.0,target_only,64972470bfb9bafcae60202408dbfca9e5f8ed37,0.0,0,64,64,3,1,42,2026-04-28T16:22:06.068830+00:00,20.05427712054397,3191.3391649723053
0.0,target_only,64972470bfb9bafcae60202408dbfca9e5f8ed37,0.0,0,64,64,4,1,42,2026-04-28T16:22:10.140451+00:00,15.721023185736108,4070.9818466566503
0.30701754385964913,speculative,64972470bfb9bafcae60202408dbfca9e5f8ed37,0.0,114,143,64,0,1,42,2026-04-28T16:22:20.749693+00:00,6.033186983798183,10607.992122881114
0.38235294117647056,speculative,64972470bfb9bafcae60202408dbfca9e5f8ed37,1.0,102,128,64,1,1,42,2026-04-28T16:22:29.270344+00:00,7.511703016592928,8520.038646180183
0.2440944881889764,speculative,64972470bfb9bafcae60202408dbfca9e5f8ed37,0.0,127,160,64,2,1,42,2026-04-28T16:22:40.779437+00:00,5.56106265089044,11508.591795805842
0.4666666666666667,speculative,64972470bfb9bafcae60202408dbfca9e5f8ed37,0.0,90,113,64,3,1,42,2026-04-28T16:22:47.965009+00:00,8.90734296761382,7185.083164833486
0.2578125,speculative,64972470bfb9bafcae60202408dbfca9e5f8ed37,0.0,128,160,64,4,1,42,2026-04-28T16:23:00.655767+00:00,5.043267870542981,12690.184547565877
0.7777777777777778,adaptive_length,64972470bfb9bafcae60202408dbfca9e5f8ed37,0.0,71,72,64,0,1,42,2026-04-28T16:23:06.188629+00:00,11.569447496584525,5531.811265740544
0.6415094339622641,adaptive_length,64972470bfb9bafcae60202408dbfca9e5f8ed37,0.0,76,84,64,1,1,42,2026-04-28T16:23:11.754086+00:00,11.500495106569222,5564.9778037332
0.484375,adaptive_length,64972470bfb9bafcae60202408dbfca9e5f8ed37,0.0,87,97,64,2,1,42,2026-04-28T16:23:18.889670+00:00,8.969786043590853,7135.064280126244
0.6785714285714286,adaptive_length,64972470bfb9bafcae60202408dbfca9e5f8ed37,0.0,72,83,64,3,1,42,2026-04-28T16:23:24.716251+00:00,10.985063974900921,5826.092605944723
0.7741935483870968,adaptive_length,64972470bfb9bafcae60202408dbfca9e5f8ed37,0.0,69,72,64,4,1,42,2026-04-28T16:23:30.762857+00:00,10.585473955673914,6046.021204907447
0.30701754385964913,fuzzy_sd_T1,64972470bfb9bafcae60202408dbfca9e5f8ed37,0.0,114,143,64,0,1,42,2026-04-28T16:23:41.542630+00:00,5.937629962941786,10778.711438644677
0.38235294117647056,fuzzy_sd_T1,64972470bfb9bafcae60202408dbfca9e5f8ed37,1.0,102,128,64,1,1,42,2026-04-28T16:23:49.536926+00:00,8.00619211628733,7993.812672793865
0.2440944881889764,fuzzy_sd_T1,64972470bfb9bafcae60202408dbfca9e5f8ed37,0.0,127,160,64,2,1,42,2026-04-28T16:24:03.816469+00:00,4.482096305949907,14279.03276309371
0.4666666666666667,fuzzy_sd_T1,64972470bfb9bafcae60202408dbfca9e5f8ed37,0.0,90,113,64,3,1,42,2026-04-28T16:24:11.122123+00:00,8.760908310028837,7305.178611073643
0.2578125,fuzzy_sd_T1,64972470bfb9bafcae60202408dbfca9e5f8ed37,0.0,128,160,64,4,1,42,2026-04-28T16:24:23.644408+00:00,5.111121316184472,12521.714129019529
0.3153153153153153,fuzzy_sd_T1.5,64972470bfb9bafcae60202408dbfca9e5f8ed37,0.0,111,140,64,0,1,42,2026-04-28T16:24:33.759630+00:00,6.327784813884954,10114.123960025609
0.38235294117647056,fuzzy_sd_T1.5,64972470bfb9bafcae60202408dbfca9e5f8ed37,1.0,102,128,64,1,1,42,2026-04-28T16:24:41.761625+00:00,7.998492657217373,8001.507626846433
0.2440944881889764,fuzzy_sd_T1.5,64972470bfb9bafcae60202408dbfca9e5f8ed37,0.0,127,160,64,2,1,42,2026-04-28T16:24:53.121337+00:00,5.634204536665177,11359.190030023456
0.4666666666666667,fuzzy_sd_T1.5,64972470bfb9bafcae60202408dbfca9e5f8ed37,0.0,90,113,64,3,1,42,2026-04-28T16:25:00.694786+00:00,8.451137043802143,7572.945470921695
0.425531914893617,fuzzy_sd_T1.5,64972470bfb9bafcae60202408dbfca9e5f8ed37,0.0,94,118,64,4,1,42,2026-04-28T16:25:10.185853+00:00,6.743599846851583,9490.480077918619
0.24427480916030533,fuzzy_sd_T2,64972470bfb9bafcae60202408dbfca9e5f8ed37,0.0,131,164,64,0,1,42,2026-04-28T16:25:22.447012+00:00,5.220198811266297,12260.069455951452
0.23134328358208955,fuzzy_sd_T2,64972470bfb9bafcae60202408dbfca9e5f8ed37,1.0,134,168,64,1,1,42,2026-04-28T16:25:33.343433+00:00,5.8737649627701,10895.907549187541
0.3157894736842105,fuzzy_sd_T2,64972470bfb9bafcae60202408dbfca9e5f8ed37,0.0,114,143,64,2,1,42,2026-04-28T16:25:44.117089+00:00,5.940740351341751,10773.068037815392
0.3619047619047619,fuzzy_sd_T2,64972470bfb9bafcae60202408dbfca9e5f8ed37,0.0,105,132,64,3,1,42,2026-04-28T16:25:52.832631+00:00,7.343720738511117,8714.928342029452
0.44086021505376344,fuzzy_sd_T2,64972470bfb9bafcae60202408dbfca9e5f8ed37,0.0,93,117,64,4,1,42,2026-04-28T16:26:02.158417+00:00,6.863135101005014,9325.1843447797
0.24427480916030533,fuzzy_sd_T2.5,64972470bfb9bafcae60202408dbfca9e5f8ed37,0.0,131,164,64,0,1,42,2026-04-28T16:26:14.825212+00:00,5.053017031631537,12665.700431913137
0.22794117647058823,fuzzy_sd_T2.5,64972470bfb9bafcae60202408dbfca9e5f8ed37,1.0,136,170,64,1,1,42,2026-04-28T16:26:25.794916+00:00,5.834552164365882,10969.136653002352
0.3157894736842105,fuzzy_sd_T2.5,64972470bfb9bafcae60202408dbfca9e5f8ed37,0.0,114,143,64,2,1,42,2026-04-28T16:26:36.246074+00:00,6.1240483044293965,10450.603394769132
0.3619047619047619,fuzzy_sd_T2.5,64972470bfb9bafcae60202408dbfca9e5f8ed37,0.0,105,132,64,3,1,42,2026-04-28T16:26:46.045177+00:00,6.531546997191432,9798.59748808667
0.30434782608695654,fuzzy_sd_T2.5,64972470bfb9bafcae60202408dbfca9e5f8ed37,0.0,115,145,64,4,1,42,2026-04-28T16:26:58.591963+00:00,5.101170003443825,12546.141366939992
0.23846153846153847,fuzzy_sd_T3,64972470bfb9bafcae60202408dbfca9e5f8ed37,0.0,130,164,64,0,1,42,2026-04-28T16:27:11.389232+00:00,5.001516798739525,12796.118172816932
0.22794117647058823,fuzzy_sd_T3,64972470bfb9bafcae60202408dbfca9e5f8ed37,1.0,136,170,64,1,1,42,2026-04-28T16:27:22.748068+00:00,5.634641177745862,11358.30978071317
0.32727272727272727,fuzzy_sd_T3,64972470bfb9bafcae60202408dbfca9e5f8ed37,0.0,110,139,64,2,1,42,2026-04-28T16:27:33.341779+00:00,6.041680559121041,10593.079090118408
0.5769230769230769,fuzzy_sd_T3,64972470bfb9bafcae60202408dbfca9e5f8ed37,0.0,78,98,64,3,1,42,2026-04-28T16:27:40.330947+00:00,9.157890663005823,6988.50885592401
0.30434782608695654,fuzzy_sd_T3,64972470bfb9bafcae60202408dbfca9e5f8ed37,0.0,115,145,64,4,1,42,2026-04-28T16:27:52.171271+00:00,5.405587070502743,11839.602094143629
0.23846153846153847,fuzzy_sd_T3.5,64972470bfb9bafcae60202408dbfca9e5f8ed37,0.0,130,164,64,0,1,42,2026-04-28T16:28:04.691904+00:00,5.1122044844504275,12519.061041995883
0.3394495412844037,fuzzy_sd_T3.5,64972470bfb9bafcae60202408dbfca9e5f8ed37,0.0,109,137,64,1,1,42,2026-04-28T16:28:13.444348+00:00,7.3126599469688935,8751.945320051163
0.3557692307692308,fuzzy_sd_T3.5,64972470bfb9bafcae60202408dbfca9e5f8ed37,0.0,104,131,64,2,1,42,2026-04-28T16:28:22.718298+00:00,6.901440316253238,9273.426569998264
0.5769230769230769,fuzzy_sd_T3.5,64972470bfb9bafcae60202408dbfca9e5f8ed37,0.0,78,98,64,3,1,42,2026-04-28T16:28:29.170321+00:00,9.920125293060364,6451.531418133527
0.3619047619047619,fuzzy_sd_T3.5,64972470bfb9bafcae60202408dbfca9e5f8ed37,0.0,105,132,64,4,1,42,2026-04-28T16:28:39.575708+00:00,6.1510083620789775,10404.79808067903
0.36538461538461536,fuzzy_sd_T4,64972470bfb9bafcae60202408dbfca9e5f8ed37,1.0,104,130,64,0,1,42,2026-04-28T16:28:49.223070+00:00,6.634658507336005,9646.314113866538
0.375,fuzzy_sd_T4,64972470bfb9bafcae60202408dbfca9e5f8ed37,1.0,104,130,64,1,1,42,2026-04-28T16:28:57.818458+00:00,7.446323343457706,8594.84567726031
0.3557692307692308,fuzzy_sd_T4,64972470bfb9bafcae60202408dbfca9e5f8ed37,0.0,104,131,64,2,1,42,2026-04-28T16:29:07.712384+00:00,6.468991266483842,9893.350812140852
0.5769230769230769,fuzzy_sd_T4,64972470bfb9bafcae60202408dbfca9e5f8ed37,0.0,78,98,64,3,1,42,2026-04-28T16:29:14.509349+00:00,9.41668601025076,6796.446215827018
0.3619047619047619,fuzzy_sd_T4,64972470bfb9bafcae60202408dbfca9e5f8ed37,0.0,105,132,64,4,1,42,2026-04-28T16:29:25.266732+00:00,5.949731325308171,10756.788248196244
0.5573770491803278,jointadaspec,64972470bfb9bafcae60202408dbfca9e5f8ed37,0.0,64,64,64,0,1,42,2026-04-28T16:29:30.408651+00:00,12.449243452582461,5140.874643810093
0.5396825396825397,jointadaspec,64972470bfb9bafcae60202408dbfca9e5f8ed37,0.0,64,64,64,1,1,42,2026-04-28T16:29:35.001971+00:00,13.934707980058946,4592.848310247064
0.6507936507936508,jointadaspec,64972470bfb9bafcae60202408dbfca9e5f8ed37,0.0,64,64,64,2,1,42,2026-04-28T16:29:40.185563+00:00,12.347868053309051,5183.08097589761
0.6349206349206349,jointadaspec,64972470bfb9bafcae60202408dbfca9e5f8ed37,0.0,64,64,64,3,1,42,2026-04-28T16:29:44.802299+00:00,13.864091944556012,4616.241745650768
0.6507936507936508,jointadaspec,64972470bfb9bafcae60202408dbfca9e5f8ed37,0.0,64,64,64,4,1,42,2026-04-28T16:29:50.294788+00:00,11.653584786614084,5491.87234416604
0.53125,cascade_length_then_verif,64972470bfb9bafcae60202408dbfca9e5f8ed37,0.0,64,64,64,0,1,42,2026-04-28T16:29:55.367011+00:00,12.620339833499358,5071.1788148619235
0.5161290322580645,cascade_length_then_verif,64972470bfb9bafcae60202408dbfca9e5f8ed37,0.0,64,64,64,1,1,42,2026-04-28T16:29:59.849566+00:00,14.279056150206173,4482.088964898139
0.6507936507936508,cascade_length_then_verif,64972470bfb9bafcae60202408dbfca9e5f8ed37,0.0,64,64,64,2,1,42,2026-04-28T16:30:04.791480+00:00,12.951783305132588,4941.404476296157
0.6557377049180327,cascade_length_then_verif,64972470bfb9bafcae60202408dbfca9e5f8ed37,0.0,64,64,64,3,1,42,2026-04-28T16:30:09.357443+00:00,14.018243364348573,4565.479306969792
0.5396825396825397,cascade_length_then_verif,64972470bfb9bafcae60202408dbfca9e5f8ed37,0.0,64,64,64,4,1,42,2026-04-28T16:30:14.921701+00:00,11.503332488360648,5563.605160918087
0.5555555555555556,cascade_verif_then_length,64972470bfb9bafcae60202408dbfca9e5f8ed37,0.0,64,64,64,0,1,42,2026-04-28T16:30:20.005581+00:00,12.592563123609565,5082.364834845066
0.5396825396825397,cascade_verif_then_length,64972470bfb9bafcae60202408dbfca9e5f8ed37,0.0,64,64,64,1,1,42,2026-04-28T16:30:24.446692+00:00,14.412384352322485,4440.625397954136
0.6507936507936508,cascade_verif_then_length,64972470bfb9bafcae60202408dbfca9e5f8ed37,0.0,64,64,64,2,1,42,2026-04-28T16:30:29.375070+00:00,12.987320213392156,4927.8834238648415
0.6349206349206349,cascade_verif_then_length,64972470bfb9bafcae60202408dbfca9e5f8ed37,0.0,64,64,64,3,1,42,2026-04-28T16:30:33.914409+00:00,14.100433891782941,4538.867420051247
0.6507936507936508,cascade_verif_then_length,64972470bfb9bafcae60202408dbfca9e5f8ed37,0.0,64,64,64,4,1,42,2026-04-28T16:30:39.413781+00:00,11.638968519680478,5498.769061174244
